Plate,State,License Type,Issue Date,Violation Time,Violation,Payment Amount,Precinct,County
AXYP08,FL,PAS,2021-03-05,09:07A,NO PARKING-STREET CLEANING,65.0,19.0,NY
JXF7065,PA,PAS,2021-10-22,10:20P,FIRE HYDRANT,0.0,43.0,
KJJ8773,NY,PAS,2021-03-10,07:58P,FIRE HYDRANT,115.0,72.0,K
JCY4748,NY,PAS,2021-02-04,09:30A,FIRE HYDRANT,115.0,47.0,BX
HMU4546,NY,PAS,2021-01-29,08:23A,NO PARKING-STREET CLEANING,65.0,79.0,K
N88KRF,NJ,PAS,2021-03-08,08:07A,NO PARKING-DAY/TIME LIMITS,60.0,76.0,K
JFH9265,NY,PAS,2021-05-08,09:55A,OBSTRUCTING DRIVEWAY,95.0,108.0,
JSD7987,NY,PAS,2021-02-12,09:15A,NO STANDING-EXC. AUTH. VEHICLE,95.0,108.0,Q
JBT7676,NY,PAS,2021-01-11,07:53A,NO STANDING-EXC. AUTH. VEHICLE,95.0,108.0,Q
UVT22W,NJ,PAS,2021-02-23,09:50A,NO STANDING-DAY/TIME LIMITS,115.0,108.0,Q
29097ML,NY,COM,2021-03-03,11:11A,NO STANDING-DAY/TIME LIMITS,100.0,17.0,NY
GXB3563,NY,PAS,2021-02-13,11:10A,NO PARKING-DAY/TIME LIMITS,65.0,14.0,NY
KKE3611,NY,PAS,2021-03-07,06:49A,FIRE HYDRANT,115.0,33.0,NY
12286MG,NY,COM,2021-03-01,02:58P,NO STANDING-DAY/TIME LIMITS,100.0,1.0,NY
78983MG,NY,COM,2021-03-16,12:41P,NO STANDING-DAY/TIME LIMITS,115.0,1.0,NY
78234MK,NY,COM,2021-03-16,03:19P,NO STANDING-DAY/TIME LIMITS,115.0,1.0,NY
KHF9791,NY,PAS,2021-03-09,07:08A,NO PARKING-DAY/TIME LIMITS,60.0,76.0,K
JBB5678,NY,PAS,2021-03-09,09:51A,NO PARKING-STREET CLEANING,65.0,76.0,K
JAE7433,NY,PAS,2021-03-15,08:43A,NO PARKING-STREET CLEANING,65.0,76.0,K
KED1886,NY,PAS,2021-03-16,08:20A,NO STANDING-DAY/TIME LIMITS,115.0,76.0,K
96541MJ,NY,COM,2021-02-23,06:08P,NO STANDING-EXC. AUTH. VEHICLE,60.0,1.0,NY
HKM5045,NY,PAS,2021-05-05,04:37P,SIDEWALK,115.0,114.0,Q
T758712C,NY,OMT,2021-02-10,05:50P,OBSTRUCTING DRIVEWAY,0.0,109.0,Q
R63HXN,NJ,PAS,2021-03-13,10:30P,SIDEWALK,115.0,67.0,K
JHS6635,NY,PAS,2021-02-23,08:22P,FIRE HYDRANT,115.0,67.0,K
HPN8671,NY,PAS,2021-02-06,08:55A,CROSSWALK,115.0,102.0,Q
XP9S914,CA,PAS,2021-02-20,06:40A,NO STANDING-DAY/TIME LIMITS,115.0,102.0,Q
JLF4820,NY,PAS,2021-02-20,07:14A,DIVIDED HIGHWAY,115.0,102.0,Q
GHN8809,NY,PAS,2021-02-13,07:47A,INSP. STICKER-EXPIRED/MISSING,65.0,103.0,
3018203,IN,PAS,2021-02-22,08:18A,NO STANDING-DAY/TIME LIMITS,115.0,103.0,Q
HAN3292,NY,PAS,2021-03-15,07:37A,NO PARKING-STREET CLEANING,65.0,107.0,Q
QBKB06,FL,PAS,2021-01-08,08:15A,NO PARKING-STREET CLEANING,65.0,108.0,Q
T513235C,NY,COM,2021-02-25,07:09P,OBSTRUCTING DRIVEWAY,0.0,32.0,NY
LMD5180,PA,PAS,2021-03-06,05:55P,SIDEWALK,115.0,103.0,Q
HPA6122,NY,PAS,2021-03-18,07:55A,OBSTRUCTING DRIVEWAY,95.0,102.0,Q
KVS7676,PA,PAS,2021-03-11,10:49P,FIRE HYDRANT,115.0,106.0,Q
FZM3887,NY,PAS,2021-03-10,01:00A,OTHER,105.0,102.0,Q
HJY2203,NY,PAS,2021-10-22,10:50P,NO STANDING-DAY/TIME LIMITS,115.0,113.0,Q
HYU2353,NY,PAS,2021-01-23,07:35A,FIRE HYDRANT,115.0,102.0,Q
HLV2306,NY,PAS,2021-08-14,04:29P,OBSTRUCTING DRIVEWAY,156.55,101.0,Q
KDV4073,NY,PAS,2021-01-28,04:26A,NO PARKING-STREET CLEANING,65.0,83.0,K
GXX3835,NY,PAS,2021-03-11,08:47A,NO PARKING-STREET CLEANING,65.0,34.0,NY
HJM9024,NY,PAS,2021-01-29,08:11A,NO PARKING-STREET CLEANING,65.0,1.0,NY
8POE913,CA,PAS,2021-01-14,11:33A,NO PARKING-STREET CLEANING,65.0,7.0,NY
NFHZ48,FL,PAS,2021-01-14,09:07A,NO PARKING-STREET CLEANING,65.0,20.0,NY
JFH5925,NY,PAS,2021-03-11,08:48A,NO PARKING-STREET CLEANING,65.0,20.0,NY
ALX2927,NY,PAS,2021-01-07,09:55A,NO PARKING-STREET CLEANING,65.0,28.0,NY
JAJ3112,NY,PAS,2021-03-12,11:25A,NO PARKING-STREET CLEANING,65.0,9.0,NY
HZY7610,NY,PAS,2021-03-12,12:47A,NO PARKING-STREET CLEANING,65.0,7.0,NY
JED4081,NY,PAS,2021-01-31,10:37A,NO PARKING-DAY/TIME LIMITS,60.0,104.0,Q
EUT5779,NY,PAS,2021-03-13,03:01A,NO STANDING-DAY/TIME LIMITS,115.0,13.0,NY
7AK877,MA,999,2021-02-12,04:56A,NO STANDING-DAY/TIME LIMITS,115.0,13.0,NY
DZT7261,NY,PAS,2021-01-08,11:12A,NO PARKING-STREET CLEANING,65.0,109.0,Q
79632NA,NY,COM,2021-03-08,01:32A,NO PARKING-STREET CLEANING,65.0,109.0,Q
HCB7718,NY,PAS,2021-03-11,01:15A,PEDESTRIAN RAMP,165.0,109.0,Q
KEN1599,NY,PAS,2021-02-23,08:06A,NO PARKING-STREET CLEANING,0.0,109.0,Q
JRU6792,NY,PAS,2021-01-27,12:29P,NO PARKING-STREET CLEANING,65.0,101.0,Q
LGZ7927,PA,PAS,2021-02-25,07:23A,OBSTRUCTING DRIVEWAY,95.0,0.0,BX
JFB6463,NY,PAS,2021-05-11,09:15P,OBSTRUCTING DRIVEWAY,95.0,109.0,Q
3342DR,CT,PAS,2021-03-07,11:00A,DOUBLE PARKING,0.0,41.0,BX
UND3000,VA,PAS,2021-03-13,00:38P,DOUBLE PARKING,115.0,49.0,BX
KFY2799,NY,PAS,2021-03-16,09:00A,NO PARKING-STREET CLEANING,65.0,90.0,K
GTC3973,NY,PAS,2021-06-30,04:40P,CROSSWALK,0.0,109.0,Q
46960JY,NY,COM,2021-12-20,12:54A,NGHT PKG ON RESID STR-COMM VEH,0.0,62.0,K
KJA5329,NY,PAS,2021-01-05,08:39A,NO PARKING-STREET CLEANING,65.0,67.0,K
JHG1510,NY,PAS,2021-01-02,08:22A,NO PARKING-STREET CLEANING,65.0,79.0,K
JFX7167,NY,PAS,2021-01-02,08:26A,NO PARKING-STREET CLEANING,65.0,79.0,K
JNB5339,NY,PAS,2021-01-07,11:22A,NO PARKING-STREET CLEANING,65.0,79.0,K
HYY5391,NY,PAS,2021-03-05,11:14A,NO PARKING-STREET CLEANING,65.0,81.0,K
7N95L3,TN,PAS,2021-01-22,02:34A,NO PARKING-STREET CLEANING,65.0,67.0,K
GWM3356,NY,PAS,2021-01-15,09:57A,NO PARKING-STREET CLEANING,65.0,79.0,K
JAT7384,NY,PAS,2021-01-22,08:45A,NO PARKING-STREET CLEANING,65.0,83.0,K
FDV9587,NY,PAS,2021-02-27,07:41A,NO PARKING-STREET CLEANING,0.0,73.0,K
JBB5982,NY,PAS,2021-03-05,09:10A,NO PARKING-STREET CLEANING,65.0,73.0,K
HXY3658,NY,PAS,2021-03-08,08:17A,NO PARKING-STREET CLEANING,65.0,71.0,K
KJR8593,NY,PAS,2021-03-10,08:07A,NO PARKING-STREET CLEANING,65.0,73.0,K
KDJ6184,NY,PAS,2021-02-25,09:24A,NO PARKING-STREET CLEANING,65.0,73.0,K
JNS2675,NY,PAS,2021-01-26,12:38P,FIRE HYDRANT,115.0,71.0,K
HJK9947,NY,PAS,2021-03-12,08:20A,NO PARKING-STREET CLEANING,65.0,75.0,K
KEM2021,NY,PAS,2021-02-28,12:35A,DOUBLE PARKING,115.0,34.0,NY
NTY551,SC,PAS,2021-01-08,10:50A,DOUBLE PARKING,115.0,34.0,
ZHC2546,NY,PAS,2021-01-17,11:15P,NO PARKING-DAY/TIME LIMITS,60.0,32.0,NY
33794MM,NY,COM,2021-02-24,10:54A,DOUBLE PARKING,35.0,23.0,NY
KHT9398,NY,PAS,2021-01-20,01:07P,NO STANDING-BUS STOP,115.0,19.0,NY
AK06637,AZ,PAS,2021-02-18,05:46P,NO STANDING-EXC. AUTH. VEHICLE,95.0,19.0,NY
E57FHR,NJ,PAS,2021-03-03,08:09A,FAIL TO DSPLY MUNI METER RECPT,35.0,19.0,NY
GAV4320,NY,PAS,2021-01-11,09:12A,NO PARKING-DAY/TIME LIMITS,0.0,102.0,Q
JUW6928,NY,PAS,2021-02-07,09:18P,DOUBLE PARKING,115.0,28.0,
KEL3164,NY,PAS,2021-02-12,07:51A,FAIL TO DSPLY MUNI METER RECPT,35.0,19.0,NY
JLP8696,NY,PAS,2021-05-07,10:24P,OBSTRUCTING DRIVEWAY,95.0,111.0,Q
KFL8429,NY,PAS,2021-03-06,04:26A,NO PARKING-DAY/TIME LIMITS,60.0,19.0,NY
KFL8429,NY,PAS,2021-03-04,08:07A,NO PARKING-DAY/TIME LIMITS,60.0,19.0,NY
JSA9126,NY,PAS,2021-01-26,08:34A,FRONT OR BACK PLATE MISSING,0.0,106.0,Q
KFL8429,NY,PAS,2021-03-07,07:15A,NO PARKING-DAY/TIME LIMITS,60.0,19.0,NY
C90DEB,NJ,PAS,2021-03-05,10:07A,FAIL TO DSPLY MUNI METER RECPT,35.0,19.0,NY
T731348C,NY,PAS,2021-05-15,08:21A,OBSTRUCTING DRIVEWAY,0.0,110.0,Q
JLD7229,NY,OMS,2021-01-27,09:06A,NO PARKING-STREET CLEANING,65.0,49.0,BX
H55LGS,NJ,PAS,2021-01-27,03:42P,NO STANDING-DAY/TIME LIMITS,0.0,23.0,NY
AW26986,CT,PAS,2021-05-05,10:55P,NO STANDING-EXC. AUTH. VEHICLE,95.0,108.0,Q
HFL8080,NY,PAS,2021-02-24,09:08A,NO PARKING-STREET CLEANING,65.0,49.0,BX
JGU1058,NY,PAS,2021-02-24,11:46A,NO PARKING-STREET CLEANING,65.0,49.0,BX
HXX5512,NY,PAS,2021-02-25,07:52A,NO PARKING-STREET CLEANING,65.0,49.0,BX
KGR8848,NY,PAS,2021-01-30,01:54P,DOUBLE PARKING,0.0,28.0,NY
F19JUD,NJ,PAS,2021-01-29,01:12A,NO PARKING-STREET CLEANING,0.0,44.0,BX
JFH7827,NY,PAS,2021-02-27,07:28A,NO PARKING-STREET CLEANING,65.0,50.0,BX
KHN7421,NY,PAS,2021-01-27,09:57A,NO PARKING-STREET CLEANING,0.0,76.0,K
KHN7421,NY,PAS,2021-01-27,09:59A,REG. STICKER-EXPIRED/MISSING,0.0,76.0,K
HCB8374,NY,PAS,2021-01-29,08:39A,NO PARKING-STREET CLEANING,0.0,62.0,K
T675328C,NY,OMT,2021-01-29,09:00A,NO PARKING-STREET CLEANING,0.0,62.0,K
HFV8140,NY,PAS,2021-02-23,08:51A,NO PARKING-STREET CLEANING,65.0,50.0,BX
HLX1789,NY,PAS,2021-01-08,12:31P,NO PARKING-STREET CLEANING,0.0,52.0,BX
HCW5205,OH,PAS,2021-02-25,11:40A,NO PARKING-STREET CLEANING,65.0,52.0,BX
DRC9118,NY,PAS,2021-01-07,08:07A,NO PARKING-STREET CLEANING,65.0,42.0,BX
JRP1145,NY,PAS,2021-01-08,12:06P,NO PARKING-STREET CLEANING,65.0,52.0,BX
GWD3887,NY,PAS,2021-01-09,07:50A,NO PARKING-STREET CLEANING,65.0,52.0,BX
KHF5538,NY,PAS,2021-01-23,10:55A,REG. STICKER-EXPIRED/MISSING,0.0,43.0,BX
C4017Y,TN,PAS,2021-01-25,12:22P,NO PARKING-STREET CLEANING,65.0,47.0,BX
KDF5752,NY,PAS,2021-02-22,12:45A,NO PARKING-STREET CLEANING,65.0,43.0,BX
720405R,NJ,PAS,2021-01-22,12:05P,NO PARKING-STREET CLEANING,65.0,41.0,BX
63567ML,NY,COM,2021-02-21,08:14A,NO PARKING-STREET CLEANING,65.0,40.0,BX
GUZ5720,NY,PAS,2021-02-26,10:05A,DOUBLE PARKING,115.0,70.0,K
GTM3822,NY,PAS,2021-03-13,03:10A,NO STANDING-BUS STOP,115.0,70.0,K
KHU1653,NY,PAS,2021-01-15,09:55A,NO PARKING-STREET CLEANING,65.0,70.0,K
76434MC,NY,COM,2021-01-27,10:36P,NGHT PKG ON RESID STR-COMM VEH,0.0,60.0,K
56201MG,NY,COM,2021-03-01,11:32A,DOUBLE PARKING,35.0,114.0,Q
877622R,NJ,PAS,2021-03-15,01:15P,OBSTRUCTING DRIVEWAY,95.0,114.0,Q
AJ42380,AZ,PAS,2021-02-26,09:50A,FIRE HYDRANT,115.0,108.0,Q
ALR6752,NY,PAS,2021-03-16,02:11P,NON-COMPLIANCE W/ POSTED SIGN,60.0,108.0,
GVK1044,NY,PAS,2021-02-16,10:49A,OBSTRUCTING DRIVEWAY,95.0,104.0,Q
GWK5696,NY,PAS,2021-02-22,10:54P,NO STANDING-DAY/TIME LIMITS,115.0,104.0,Q
HSZ6617,NY,PAS,2021-01-21,09:38A,NO PARKING-STREET CLEANING,0.0,78.0,K
EXG4619,NY,PAS,2021-03-10,09:05A,INSP. STICKER-EXPIRED/MISSING,65.0,109.0,Q
EXG4619,NY,PAS,2021-03-10,09:07A,OBSTRUCTING DRIVEWAY,95.0,109.0,Q
HXX7977,NY,PAS,2021-03-07,08:00A,FIRE HYDRANT,0.0,104.0,Q
DZUH60,FL,PAS,2021-05-05,02:09P,FIRE HYDRANT,115.0,120.0,R
FXH5038,NY,PAS,2021-02-17,08:02P,REG. STICKER-EXPIRED/MISSING,0.0,104.0,
16792MD,NY,COM,2021-03-02,10:33P,NGHT PKG ON RESID STR-COMM VEH,0.0,104.0,Q
G35KXF,NJ,PAS,2021-01-22,01:59P,FIRE HYDRANT,115.0,109.0,Q
GKY3657,NY,PAS,2021-03-07,03:16P,OBSTRUCTING DRIVEWAY,95.0,109.0,Q
80321MM,NY,COM,2021-02-25,01:33P,DOUBLE PARKING,35.0,34.0,NY
KES6438,NY,PAS,2021-02-27,08:48P,DOUBLE PARKING,115.0,34.0,NY
55027MB,NY,COM,2021-02-24,07:05P,DOUBLE PARKING,35.0,34.0,NY
87627MK,NY,COM,2021-03-02,09:01A,DOUBLE PARKING,35.0,34.0,NY
62416MB,NY,COM,2021-03-06,08:14A,DOUBLE PARKING,35.0,34.0,NY
93317MC,NY,COM,2021-02-25,10:50A,DOUBLE PARKING,35.0,34.0,NY
KEW2002,NY,PAS,2021-02-21,08:59A,PEDESTRIAN RAMP,165.0,63.0,K
JDX5548,NY,PAS,2021-02-21,07:14P,FIRE HYDRANT,115.0,63.0,K
KHJ3808,NY,PAS,2021-03-09,09:17A,NO PARKING-STREET CLEANING,65.0,68.0,K
DYC2193,NY,PAS,2021-03-16,08:47A,NO PARKING-STREET CLEANING,65.0,68.0,K
J56LYD,NJ,PAS,2021-03-17,07:41A,NO PARKING-STREET CLEANING,65.0,66.0,K
885139R,NJ,PAS,2021-02-25,08:57A,NO PARKING-STREET CLEANING,65.0,70.0,K
KVJC10,FL,PAS,2021-03-09,11:57A,NO PARKING-STREET CLEANING,65.0,72.0,K
JRU2785,NY,PAS,2021-02-23,07:43A,NO PARKING-STREET CLEANING,65.0,61.0,K
GKU3186,NY,PAS,2021-02-22,10:08A,NO PARKING-STREET CLEANING,65.0,61.0,K
DZMM78,FL,PAS,2021-01-27,08:05A,NO PARKING-STREET CLEANING,65.0,69.0,K
84550MC,NY,COM,2021-01-27,09:08A,FAIL TO DISP. MUNI METER RECPT,0.0,13.0,NY
GDM8662,NY,PAS,2021-02-25,09:48A,NO PARKING-STREET CLEANING,65.0,70.0,K
FBB5118,NY,PAS,2021-02-25,12:57A,NO PARKING-STREET CLEANING,65.0,76.0,K
JCM2086,NY,PAS,2021-03-11,12:03P,NO PARKING-STREET CLEANING,65.0,68.0,K
GWR3087,NY,PAS,2021-01-30,07:50A,NO PARKING-STREET CLEANING,65.0,78.0,K
JKX8980,NY,PAS,2021-01-08,10:20A,NO PARKING-STREET CLEANING,0.0,90.0,K
FCH7275,NY,PAS,2021-01-21,09:55A,FRONT OR BACK PLATE MISSING,0.0,88.0,K
74826MM,NY,COM,2021-02-17,12:13A,NGHT PKG ON RESID STR-COMM VEH,65.0,60.0,K
JNS2120,NY,PAS,2021-01-29,11:53A,NO PARKING-STREET CLEANING,65.0,60.0,K
DGC8232,NY,PAS,2021-03-11,02:05A,NO PARKING-STREET CLEANING,0.0,72.0,K
97TP45,NY,MOT,2021-03-12,12:02P,NO PARKING-STREET CLEANING,65.0,72.0,K
AMA8642,NY,PAS,2021-03-12,12:41P,NO PARKING-STREET CLEANING,65.0,72.0,K
GVJ1411,NY,PAS,2021-01-15,11:15A,NO PARKING-STREET CLEANING,65.0,63.0,K
BPKP44,FL,PAS,2021-01-28,11:45A,NO PARKING-STREET CLEANING,65.0,63.0,K
KWS7454,PA,PAS,2021-03-11,08:40A,NO PARKING-STREET CLEANING,65.0,69.0,K
JEN8322,NY,PAS,2021-03-11,12:41P,NO PARKING-STREET CLEANING,65.0,69.0,K
DGN6429,NY,PAS,2021-03-11,11:40A,NO PARKING-STREET CLEANING,65.0,69.0,K
07958CH,ME,PAS,2021-05-13,09:05A,NO PARKING-DAY/TIME LIMITS,65.0,13.0,NY
JEF7621,NY,PAS,2021-03-10,07:49A,NO PARKING-STREET CLEANING,65.0,69.0,K
JBG1304,NY,PAS,2021-03-12,11:42A,NO PARKING-STREET CLEANING,65.0,72.0,K
HTE2140,NY,PAS,2021-03-03,10:06A,NO PARKING-STREET CLEANING,65.0,72.0,K
JGM9202,NY,PAS,2021-03-01,09:45A,NO PARKING-STREET CLEANING,65.0,72.0,K
T5W433,NY,PAS,2021-03-11,12:15P,NO PARKING-STREET CLEANING,65.0,62.0,K
87235MJ,NY,COM,2021-02-25,07:22A,NO PARKING-STREET CLEANING,0.0,6.0,NY
07958CH,CT,PAS,2021-05-14,08:10A,NO PARKING-DAY/TIME LIMITS,65.0,13.0,NY
L28HLD,NJ,PAS,2021-05-14,02:50A,BIKE LANE,115.0,6.0,NY
MD88841,NY,PAS,2021-04-13,08:20A,NO STANDING-EXC. AUTH. VEHICLE,95.0,13.0,
DFS4786,NY,PAS,2021-04-19,08:59P,OBSTRUCTING DRIVEWAY,95.0,70.0,K
100M1045,NY,OMT,2021-03-05,07:35A,NO PARKING-STREET CLEANING,65.0,62.0,K
GDL4175,NY,PAS,2021-01-28,11:43A,NO PARKING-STREET CLEANING,65.0,62.0,K
KFX6900,NY,PAS,2021-02-22,10:07A,NO PARKING-STREET CLEANING,65.0,68.0,K
FJB6158,NY,PAS,2021-05-14,08:18A,NO PARKING-DAY/TIME LIMITS,65.0,13.0,NY
EFH8917,NY,PAS,2021-05-15,08:21P,FIRE HYDRANT,115.0,7.0,NY
KHP1048,NY,PAS,2021-05-13,11:05A,NO PARKING-DAY/TIME LIMITS,65.0,13.0,NY
BMT8917,NY,PAS,2021-04-06,06:26P,DOUBLE PARKING,115.0,45.0,BX
G96JTV,NJ,PAS,2021-04-06,12:43P,FAIL TO DSPLY MUNI METER RECPT,65.0,13.0,
FML1613,NY,PAS,2021-01-29,03:17P,INSP. STICKER-EXPIRED/MISSING,0.0,104.0,Q
CC411M,NY,PAS,2021-01-31,08:37A,NO PARKING-DAY/TIME LIMITS,0.0,103.0,Q
INQ045,OK,PAS,2021-01-29,02:39P,BIKE LANE,0.0,33.0,NY
GDL9794,NY,PAS,2021-01-21,11:59A,NO PARKING-STREET CLEANING,0.0,62.0,K
KHH5685,NY,PAS,2021-03-09,11:18A,NO PARKING-STREET CLEANING,65.0,69.0,K
RVB0779,GA,PAS,2021-02-27,07:41A,NO PARKING-STREET CLEANING,65.0,110.0,Q
JKA5615,NY,PAS,2021-03-09,09:19A,NO PARKING-STREET CLEANING,65.0,110.0,Q
WHC9Y,FL,PAS,2021-03-04,09:27A,NO PARKING-STREET CLEANING,65.0,110.0,Q
JPR1741,NY,PAS,2021-03-04,10:05A,NO PARKING-STREET CLEANING,65.0,104.0,Q
827208R,NJ,PAS,2021-03-09,08:40A,NO PARKING-STREET CLEANING,65.0,102.0,Q
KEF6840,NY,PAS,2021-03-15,12:22P,NO PARKING-STREET CLEANING,65.0,108.0,Q
W22NDB,NJ,PAS,2021-03-09,11:20A,NO PARKING-STREET CLEANING,65.0,104.0,Q
JNL2474,NY,PAS,2021-03-09,08:39A,NO PARKING-STREET CLEANING,65.0,112.0,Q
P13JKS,NJ,PAS,2021-01-28,11:52A,NO PARKING-STREET CLEANING,0.0,114.0,Q
JPR6591,NY,PAS,2021-02-16,08:48A,NO PARKING-STREET CLEANING,65.0,114.0,Q
GLB8232,NY,PAS,2021-03-11,10:40A,NO PARKING-STREET CLEANING,65.0,102.0,Q
KHF9365,NY,PAS,2021-02-25,08:40A,NO PARKING-STREET CLEANING,65.0,114.0,Q
KES2346,NY,PAS,2021-01-29,11:36A,NO PARKING-STREET CLEANING,65.0,108.0,Q
KGC7302,NY,PAS,2021-03-11,08:10A,NO PARKING-STREET CLEANING,65.0,112.0,Q
T612347C,NY,OMT,2021-03-04,11:43A,NO PARKING-STREET CLEANING,65.0,115.0,Q
KGW8220,NY,PAS,2021-03-03,09:39A,NO PARKING-STREET CLEANING,65.0,115.0,Q
T689764C,NY,999,2021-03-10,11:13A,NO PARKING-STREET CLEANING,65.0,108.0,Q
JKZ7913,NY,PAS,2021-01-14,00:54A,NO PARKING-STREET CLEANING,0.0,63.0,K
KDV3462,NY,PAS,2021-03-15,07:40A,NO PARKING-STREET CLEANING,65.0,108.0,Q
FBL1103,NY,PAS,2021-03-11,08:25A,NO PARKING-STREET CLEANING,65.0,114.0,Q
FBL1103,NY,PAS,2021-03-12,08:16A,NO PARKING-STREET CLEANING,65.0,114.0,Q
KHP4118,NY,PAS,2021-02-11,11:25P,OBSTRUCTING DRIVEWAY,95.0,102.0,Q
HUW5334,NY,PAS,2021-01-14,01:30A,NO PARKING-STREET CLEANING,0.0,63.0,K
JAF3622,NY,PAS,2021-01-16,02:53A,FIRE HYDRANT,0.0,68.0,K
2359407,IN,PAS,2021-03-05,11:30P,DOUBLE PARKING,0.0,102.0,Q
KKD8129,NY,PAS,2021-01-22,08:45A,FIRE HYDRANT,115.0,102.0,Q
KEK1696,NY,PAS,2021-02-28,03:05P,OBSTRUCTING DRIVEWAY,95.0,102.0,Q
HCY4992,NY,PAS,2021-02-04,12:03P,OBSTRUCTING DRIVEWAY,95.0,102.0,Q
KJN7225,NY,PAS,2021-03-12,07:28P,SIDEWALK,115.0,105.0,Q
ZHU168,RI,PAS,2021-01-21,09:29P,FIRE HYDRANT,0.0,68.0,K
HGJ6612,NY,PAS,2021-01-21,10:50P,REG. STICKER-EXPIRED/MISSING,0.0,68.0,K
AF61350,PA,PAS,2021-03-02,10:42A,NO STANDING-DAY/TIME LIMITS,115.0,90.0,K
GXR5958,NY,PAS,2021-03-13,08:52A,NO PARKING-STREET CLEANING,65.0,26.0,NY
KEZ5773,NY,PAS,2021-01-06,00:49A,NO STANDING-BUS STOP,0.0,77.0,K
JPR2989,NY,PAS,2021-01-06,01:16A,SIDEWALK,0.0,77.0,K
T792512C,NY,OMT,2021-01-24,01:37A,NO PARKING-DAY/TIME LIMITS,0.0,62.0,K
3BJR,NY,PAS,2021-11-02,08:20A,OBSTRUCTING DRIVEWAY,95.0,72.0,K
HGJ6612,NY,PAS,2021-01-21,10:51P,INSP. STICKER-EXPIRED/MISSING,0.0,68.0,K
HKB2570,NY,PAS,2021-03-12,11:29A,NO PARKING-STREET CLEANING,65.0,26.0,NY
H44KBF,NJ,PAS,2021-01-21,01:11P,NO PARKING-DAY/TIME LIMITS,0.0,25.0,NY
KFL6178,NY,PAS,2021-01-25,01:26P,FAIL TO DSPLY MUNI METER RECPT,0.0,28.0,NY
GWF8431,NY,PAS,2021-03-11,11:36A,NO PARKING-STREET CLEANING,65.0,23.0,NY
AES4962,NY,PAS,2021-03-11,10:43A,NO PARKING-STREET CLEANING,65.0,23.0,NY
CTTK13,FL,PAS,2021-01-16,07:49A,NO PARKING-STREET CLEANING,65.0,34.0,NY
CTBY14,FL,PAS,2021-01-25,08:40A,NO PARKING-STREET CLEANING,65.0,34.0,NY
IU697,RI,PAS,2021-01-22,09:07A,NO PARKING-STREET CLEANING,65.0,34.0,NY
V925951,NJ,PAS,2021-05-16,01:48P,SIDEWALK,115.0,49.0,BX
GXB3015,NY,PAS,2021-03-13,07:35A,NO PARKING-STREET CLEANING,65.0,33.0,NY
HDF3210,NY,PAS,2021-03-04,09:15A,NO PARKING-STREET CLEANING,65.0,23.0,NY
HHG4615,NY,PAS,2021-03-04,09:15A,NO PARKING-STREET CLEANING,65.0,23.0,NY
HDJ5292,PA,PAS,2021-03-12,09:36A,NO PARKING-STREET CLEANING,65.0,6.0,NY
KFP4488,NY,PAS,2021-03-11,01:48A,NO PARKING-STREET CLEANING,65.0,90.0,K
KHM9357,NY,PAS,2021-03-04,07:39A,NO PARKING-STREET CLEANING,65.0,94.0,K
HNN4278,NY,PAS,2021-03-15,07:52A,NO PARKING-STREET CLEANING,65.0,90.0,K
ZCB7652,PA,PAS,2021-03-04,11:55A,NO PARKING-STREET CLEANING,65.0,77.0,K
HSE4707,NY,PAS,2021-03-12,08:45A,NO PARKING-STREET CLEANING,65.0,81.0,K
HXD3571,NY,PAS,2021-03-04,09:21A,NO PARKING-STREET CLEANING,65.0,77.0,K
JJT1936,NY,PAS,2021-03-11,08:46A,NO PARKING-STREET CLEANING,65.0,77.0,K
KED6335,NY,PAS,2021-03-11,08:47A,NO PARKING-STREET CLEANING,65.0,77.0,K
DGB2688,NY,PAS,2021-03-11,08:48A,NO PARKING-STREET CLEANING,65.0,77.0,K
GJR4466,PA,PAS,2021-03-11,09:04A,NO PARKING-STREET CLEANING,65.0,77.0,K
74429MK,NY,COM,2021-03-05,11:40A,NO PARKING-STREET CLEANING,65.0,77.0,K
JBT4805,NY,PAS,2021-03-05,08:45A,NO PARKING-STREET CLEANING,65.0,79.0,K
JMJ2221,NY,PAS,2021-03-11,03:29A,NO PARKING-STREET CLEANING,65.0,75.0,K
HHJ3864,NY,PAS,2021-02-24,11:53A,NO PARKING-STREET CLEANING,65.0,75.0,K
KEW5095,NY,PAS,2021-01-29,07:49A,NO PARKING-STREET CLEANING,65.0,75.0,K
KDE315,NY,PAS,2021-03-12,08:07A,NO PARKING-STREET CLEANING,65.0,83.0,K
JPW1771,NY,PAS,2021-03-11,09:05A,NO PARKING-STREET CLEANING,0.0,83.0,K
KDA1719,NY,PAS,2021-03-12,09:34A,NO PARKING-STREET CLEANING,65.0,67.0,K
GEA6011,NY,PAS,2021-03-11,08:17A,NO PARKING-STREET CLEANING,65.0,67.0,K
CPF1890,NY,PAS,2021-03-11,11:50A,NO PARKING-STREET CLEANING,65.0,67.0,K
KHA79,NY,PAS,2021-03-12,11:12A,NO PARKING-STREET CLEANING,65.0,67.0,K
JDN8644,NY,PAS,2021-03-08,11:58A,NO PARKING-STREET CLEANING,65.0,67.0,K
KGF1567,NY,PAS,2021-03-12,08:37A,NO PARKING-STREET CLEANING,65.0,67.0,K
HSZ5788,NY,PAS,2021-03-12,11:40A,NO PARKING-STREET CLEANING,65.0,67.0,K
KFT8375,NY,PAS,2021-03-12,11:52A,NO PARKING-STREET CLEANING,65.0,67.0,K
KKD3012,NY,PAS,2021-03-11,11:36A,NO PARKING-STREET CLEANING,65.0,90.0,K
XSE2746,VA,PAS,2021-03-10,08:45A,NO PARKING-STREET CLEANING,65.0,90.0,K
A99KYS,NJ,PAS,2021-03-03,07:48A,NO PARKING-STREET CLEANING,65.0,94.0,K
HHB9424,NY,PAS,2021-03-11,11:41A,NO PARKING-STREET CLEANING,65.0,90.0,K
GNK7313,NY,PAS,2021-03-12,12:57P,NO PARKING-STREET CLEANING,65.0,79.0,K
T706707C,NY,OMT,2021-02-28,01:56P,FIRE HYDRANT,115.0,62.0,K
T784013C,NY,OMT,2021-03-10,12:03P,NO PARKING-STREET CLEANING,65.0,49.0,BX
Z67HLN,NJ,PAS,2021-05-07,07:10P,NO STANDING-DAY/TIME LIMITS,115.0,1.0,
HNB6157,NY,PAS,2021-02-25,07:43A,NO PARKING-STREET CLEANING,65.0,47.0,BX
GES1764,NY,PAS,2021-03-03,07:37A,NO PARKING-STREET CLEANING,65.0,40.0,BX
HWG8357,NY,PAS,2021-03-11,07:46A,NO PARKING-STREET CLEANING,65.0,43.0,BX
KEX3859,NY,PAS,2021-05-14,12:42A,OBSTRUCTING DRIVEWAY,95.0,41.0,BX
JNA8964,NY,PAS,2021-03-05,07:30A,NO PARKING-STREET CLEANING,65.0,52.0,BX
KKN9366,NY,PAS,2021-05-11,08:06A,FIRE HYDRANT,115.0,50.0,BX
Y01QZZ,FL,PAS,2021-05-12,08:04A,FIRE HYDRANT,115.0,50.0,BX
KLW7669,NY,PAS,2021-05-12,08:33A,NO PARKING-DAY/TIME LIMITS,60.0,50.0,BX
KKT4233,NY,PAS,2021-05-17,09:30A,NO STANDING-DAY/TIME LIMITS,115.0,50.0,BX
JMR8437,NY,PAS,2021-05-16,04:57P,DOUBLE PARKING,115.0,0.0,BX
GLR8533,99,PAS,2021-05-16,05:38A,FIRE HYDRANT,115.0,42.0,BX
KEK4882,NY,PAS,2021-03-04,08:55A,NO PARKING-STREET CLEANING,65.0,48.0,BX
HEN3722,NC,PAS,2021-03-11,08:32A,NO PARKING-STREET CLEANING,65.0,42.0,BX
AK20531,AZ,PAS,2021-02-25,08:30A,NO STANDING-DAY/TIME LIMITS,115.0,50.0,BX
KZL9452,PA,PAS,2021-03-02,07:52A,NO PARKING-STREET CLEANING,65.0,50.0,BX
KLF1115,NY,PAS,2021-05-13,07:55A,OBSTRUCTING DRIVEWAY,0.0,42.0,BX
HRX6717,NY,PAS,2021-05-12,00:28A,OBSTRUCTING DRIVEWAY,95.0,41.0,BX
HAP4284,NY,PAS,2021-05-11,05:05A,FIRE HYDRANT,115.0,49.0,BX
KLH3820,NY,PAS,2021-05-15,11:30P,DOUBLE PARKING,115.0,49.0,
M20LXC,NY,PAS,2021-05-12,09:27A,OBSTRUCTING DRIVEWAY,95.0,48.0,BX
KFX6623,NY,999,2021-05-11,06:17P,FIRE HYDRANT,115.0,40.0,BX
BLANKPLATE,99,999,2021-05-14,06:55A,NO STANDING-DAY/TIME LIMITS,115.0,25.0,
JBP4196,NY,PAS,2021-05-11,09:38A,NO STANDING-BUS STOP,115.0,32.0,NY
JRF4574,NY,PAS,2021-03-02,09:51A,NO PARKING-STREET CLEANING,65.0,50.0,BX
GJJ4011,NY,PAS,2021-01-26,01:49P,INSP. STICKER-EXPIRED/MISSING,0.0,111.0,Q
KEV3319,NY,PAS,2021-03-08,05:12P,NO STANDING-EXC. AUTH. VEHICLE,95.0,108.0,Q
KEL6566,NY,PAS,2021-03-12,05:01P,OBSTRUCTING DRIVEWAY,95.0,66.0,K
JJZ3609,NY,PAS,2021-02-25,09:05A,NO PARKING-STREET CLEANING,65.0,43.0,BX
JJZ7380,NY,PAS,2021-03-11,08:07A,NO PARKING-STREET CLEANING,65.0,43.0,BX
UUH8527,VA,PAS,2021-01-25,12:49P,FAIL TO DSPLY MUNI METER RECPT,0.0,114.0,Q
JBE9294,NY,PAS,2021-03-04,08:09A,NO PARKING-STREET CLEANING,65.0,43.0,BX
JBS4925,NY,PAS,2021-03-09,07:41A,NO PARKING-STREET CLEANING,65.0,43.0,BX
D29HWV,NJ,PAS,2021-03-16,08:25A,NO PARKING-STREET CLEANING,65.0,43.0,BX
ZRD3739,PA,PAS,2021-03-11,10:51A,NO PARKING-STREET CLEANING,65.0,40.0,BX
68621MB,NY,COM,2021-05-14,03:58P,DOUBLE PARKING,0.0,19.0,NY
XFWF23,NJ,PAS,2021-05-14,04:15P,NO STANDING-DAY/TIME LIMITS,115.0,17.0,NY
AML8647,NC,PAS,2021-05-06,09:09P,NO STANDING-DAY/TIME LIMITS,115.0,42.0,BX
GUY9923,NY,PAS,2021-05-11,01:12P,NO PARKING-DAY/TIME LIMITS,65.0,10.0,NY
NER66T,NJ,PAS,2021-05-15,07:31A,NO STANDING-EXC. AUTH. VEHICLE,95.0,10.0,NY
843XPD,CT,PAS,2021-05-15,03:13P,NO STANDING-EXC. AUTH. VEHICLE,95.0,10.0,NY
KLD2549,NY,PAS,2021-05-02,02:59P,NO PARKING-DAY/TIME LIMITS,60.0,110.0,Q
KFL7392,NY,PAS,2021-03-05,11:38A,NO PARKING-STREET CLEANING,65.0,41.0,BX
JGG4884,99,PAS,2021-03-11,05:41A,NO PARKING-STREET CLEANING,65.0,41.0,BX
GUV9084,NY,PAS,2021-03-09,07:43A,NO PARKING-STREET CLEANING,65.0,47.0,BX
HGR3689,NY,PAS,2021-03-13,07:37A,NO PARKING-STREET CLEANING,65.0,47.0,BX
EKLT09,FL,PAS,2021-03-12,08:40A,NO PARKING-STREET CLEANING,65.0,50.0,BX
KHR4245,NY,PAS,2021-03-08,12:31P,NO PARKING-STREET CLEANING,65.0,50.0,BX
HYR3249,NY,PAS,2021-05-02,11:50A,NO PARKING-DAY/TIME LIMITS,60.0,109.0,Q
UNF5501,VA,PAS,2021-05-17,05:20A,FIRE HYDRANT,115.0,49.0,BX
UDW5314,VA,PAS,2021-05-12,08:08A,FIRE HYDRANT,115.0,41.0,
HXX1751,NY,PAS,2021-03-05,11:40A,NO PARKING-STREET CLEANING,65.0,50.0,BX
KDP3389,NY,PAS,2021-03-26,11:36A,NO PARKING-DAY/TIME LIMITS,60.0,19.0,NY
295056,99,999,2021-05-07,11:35A,NO PARKING-STREET CLEANING,65.0,40.0,BX
S69JAE,NJ,PAS,2021-05-16,03:18A,OBSTRUCTING DRIVEWAY,95.0,114.0,Q
KLF9424,NY,PAS,2021-05-16,08:35P,DOUBLE PARKING,115.0,108.0,Q
HMC9902,NY,PAS,2021-03-21,12:40A,OBSTRUCTING DRIVEWAY,95.0,109.0,Q
AY75618,CT,999,2021-02-14,11:22A,NO PARKING-DAY/TIME LIMITS,65.0,10.0,NY
KLX5326,NY,PAS,2021-05-11,12:39P,NO STANDING-EXC. AUTH. VEHICLE,95.0,108.0,Q
CGN1114,NY,PAS,2021-05-16,03:29A,REG. STICKER-EXPIRED/MISSING,65.0,104.0,Q
KME3219,NY,PAS,2021-05-11,06:50A,DOUBLE PARKING,115.0,104.0,Q
JMJ1839,NY,PAS,2021-05-12,10:32P,OBSTRUCTING DRIVEWAY,95.0,104.0,Q
HTZ4014,NY,PAS,2021-05-02,03:52P,NO PARKING-DAY/TIME LIMITS,0.0,110.0,Q
JFW7170,NY,PAS,2021-05-02,11:50A,SIDEWALK,115.0,25.0,NY
ATD4259,NY,PAS,2021-03-12,07:53A,NO PARKING-STREET CLEANING,65.0,50.0,BX
XG522,RI,PAS,2021-05-02,03:06P,NO STANDING-DAY/TIME LIMITS,115.0,25.0,NY
AEP7575,NY,PAS,2021-05-02,03:19P,NO STANDING-DAY/TIME LIMITS,115.0,25.0,NY
JBE6387,NY,PAS,2021-05-02,04:54P,NO STANDING-DAY/TIME LIMITS,115.0,25.0,NY
HUG8459,NY,PAS,2021-05-02,05:01P,NO STANDING-DAY/TIME LIMITS,115.0,25.0,NY
JNF1759,NY,PAS,2021-05-02,06:05P,SAFETY ZONE,115.0,25.0,NY
BCD6000,NY,PAS,2021-05-02,03:16P,NO STANDING-DAY/TIME LIMITS,115.0,25.0,NY
V24MNB,NJ,PAS,2021-05-02,04:53P,NO STANDING-DAY/TIME LIMITS,115.0,25.0,NY
EHN9066,NY,PAS,2021-05-08,11:41A,SIDEWALK,115.0,25.0,NY
D24LXR,NJ,PAS,2021-05-02,01:28P,NO STANDING-DAY/TIME LIMITS,115.0,25.0,NY
JGZ1232,NY,PAS,2021-02-25,12:10P,NO PARKING-STREET CLEANING,65.0,42.0,BX
8XT198,MA,PAS,2021-03-04,08:25A,NO PARKING-STREET CLEANING,65.0,42.0,BX
HLF1865,NY,PAS,2021-05-02,02:32P,NO STANDING-DAY/TIME LIMITS,115.0,25.0,NY
FAM2046,NY,PAS,2021-05-07,01:36P,NO STANDING-DAY/TIME LIMITS,115.0,25.0,NY
DKN6471,NY,PAS,2021-03-12,07:45A,NO PARKING-STREET CLEANING,65.0,42.0,BX
JFM7472,NY,PAS,2021-02-27,07:39A,NO PARKING-STREET CLEANING,65.0,43.0,BX
KGS5385,NY,PAS,2021-03-04,09:40A,NO PARKING-STREET CLEANING,65.0,46.0,BX
C87JMT,NJ,PAS,2021-05-02,01:51P,SIDEWALK,115.0,25.0,NY
FXZ7058,NY,PAS,2021-05-02,01:04P,NO PARKING-DAY/TIME LIMITS,60.0,25.0,NY
JFT8460,NY,PAS,2021-05-02,02:22A,NO PARKING-DAY/TIME LIMITS,60.0,25.0,NY
HKN4780,NY,PAS,2021-05-02,03:04P,NO STANDING-DAY/TIME LIMITS,115.0,25.0,NY
T788556C,NY,OMT,2021-05-02,09:04A,NIGHTTIME STD/ PKG IN A PARK,95.0,43.0,BX
JAU2140,NY,PAS,2021-05-02,04:40P,NO PARKING-DAY/TIME LIMITS,60.0,50.0,BX
DZC3279,NY,PAS,2021-05-17,07:40A,DOUBLE PARKING,115.0,76.0,K
10438,RI,PAS,2021-05-16,12:04P,NO STANDING-DAY/TIME LIMITS,115.0,10.0,NY
V44LBT,NJ,PAS,2021-05-13,08:19A,OBSTRUCTING DRIVEWAY,95.0,108.0,Q
HJP4896,NY,PAS,2021-05-13,05:00P,NO PARKING-DAY/TIME LIMITS,60.0,108.0,Q
LNF3804,TX,PAS,2021-05-09,05:15A,OBSTRUCTING DRIVEWAY,95.0,108.0,Q
FWB2961,NY,PAS,2021-05-15,10:55A,NO STANDING-DAY/TIME LIMITS,115.0,114.0,Q
C92MJW,NJ,PAS,2021-05-02,05:08A,FIRE HYDRANT,115.0,114.0,Q
UFC9080,VA,PAS,2021-02-25,12:10P,NO PARKING-STREET CLEANING,65.0,46.0,BX
NXZG17,FL,PAS,2021-03-16,08:48A,NO PARKING-STREET CLEANING,65.0,63.0,K
ENM8281,NY,PAS,2021-03-17,08:51A,NO PARKING-STREET CLEANING,65.0,72.0,K
KHF4949,MA,COM,2021-03-17,09:23A,NO PARKING-STREET CLEANING,65.0,78.0,R
EKU1970,NY,PAS,2021-03-15,09:11A,NO PARKING-STREET CLEANING,65.0,76.0,K
JBX3913,NY,PAS,2021-03-15,09:16A,NO PARKING-STREET CLEANING,65.0,76.0,K
HSZ4060,NY,PAS,2021-03-13,07:44A,NO PARKING-STREET CLEANING,65.0,76.0,K
ASV1500,NY,PAS,2021-03-17,09:27A,NO PARKING-STREET CLEANING,65.0,78.0,K
3CE2016,ME,PAS,2021-03-16,08:14A,NO PARKING-STREET CLEANING,65.0,78.0,K
XAK9939,VA,PAS,2021-03-17,09:19A,NO PARKING-STREET CLEANING,65.0,78.0,K
DGC5982,NY,PAS,2021-03-11,12:00P,NO PARKING-STREET CLEANING,65.0,62.0,K
T749085C,NY,OMT,2021-03-09,07:38A,NO PARKING-STREET CLEANING,65.0,62.0,K
HDC7377,NY,PAS,2021-03-09,07:47A,NO PARKING-STREET CLEANING,65.0,62.0,K
CL27573,IL,PAS,2021-03-05,11:39A,NO PARKING-STREET CLEANING,65.0,62.0,K
GWF8667,NY,PAS,2021-05-16,08:48A,FRONT OR BACK PLATE MISSING,0.0,10.0,NY
KDE2143,NY,PAS,2021-03-05,07:44A,NO PARKING-STREET CLEANING,65.0,62.0,K
JSF7506,NY,PAS,2021-03-12,08:10A,NO PARKING-STREET CLEANING,65.0,62.0,K
CL27573,IL,PAS,2021-03-12,11:49A,NO PARKING-STREET CLEANING,65.0,62.0,K
GRA5694,NY,PAS,2021-03-02,09:13A,NO PARKING-STREET CLEANING,65.0,78.0,K
JDS2494,NY,PAS,2021-03-05,09:38A,NO PARKING-STREET CLEANING,65.0,76.0,K
HGM6677,NY,PAS,2021-03-04,09:20A,NO PARKING-STREET CLEANING,65.0,66.0,
GHZ272,NY,PAS,2021-03-15,08:45A,NO PARKING-STREET CLEANING,65.0,66.0,K
KNR7444,PA,PAS,2021-03-11,09:20A,NO PARKING-STREET CLEANING,65.0,66.0,K
ARD1334,NY,PAS,2021-03-10,09:43A,NO PARKING-STREET CLEANING,65.0,66.0,K
GRE9604,NY,PAS,2021-03-12,07:50A,NO PARKING-STREET CLEANING,65.0,66.0,K
AX79758,CT,999,2021-03-16,09:09A,NO PARKING-STREET CLEANING,65.0,69.0,K
FPZ1272,PA,PAS,2021-05-16,09:43A,FRONT OR BACK PLATE MISSING,65.0,10.0,NY
JGM5497,NY,PAS,2021-05-04,03:45P,NO STANDING-DAY/TIME LIMITS,115.0,84.0,K
1SJV14,MA,999,2021-05-06,10:19A,OBSTRUCTING DRIVEWAY,95.0,94.0,K
KGS7230,NY,PAS,2021-05-02,04:34P,NO PARKING-DAY/TIME LIMITS,60.0,110.0,Q
DNC4963,NY,PAS,2021-03-15,07:38A,NO PARKING-STREET CLEANING,0.0,60.0,K
EN909Y,NY,PAS,2021-03-09,09:07A,NO PARKING-EXC. AUTH. VEHICLE,60.0,66.0,K
JDZ9389,NY,PAS,2021-03-09,04:56P,NO PARKING-DAY/TIME LIMITS,60.0,52.0,BX
JMW1426,NY,PAS,2021-05-02,04:54P,NO PARKING-DAY/TIME LIMITS,60.0,110.0,Q
AG72204,CT,PAS,2021-05-02,04:59P,NO PARKING-DAY/TIME LIMITS,60.0,110.0,Q
KJY5703,NY,PAS,2021-05-02,04:34P,NO PARKING-DAY/TIME LIMITS,60.0,110.0,Q
JRC4364,NY,PAS,2021-05-02,04:17P,NO PARKING-DAY/TIME LIMITS,60.0,110.0,Q
GYM6418,NY,PAS,2021-05-02,03:25P,NO PARKING-DAY/TIME LIMITS,60.0,110.0,Q
JRC7360,NY,PAS,2021-05-02,03:31P,NO PARKING-DAY/TIME LIMITS,60.0,110.0,Q
AY31507,NY,PAS,2021-05-02,03:34P,NO PARKING-DAY/TIME LIMITS,60.0,110.0,Q
T682740C,NY,OMT,2021-05-02,03:36P,NO PARKING-DAY/TIME LIMITS,60.0,110.0,Q
HYS4820,NY,PAS,2021-05-02,03:47P,NO PARKING-DAY/TIME LIMITS,60.0,110.0,Q
JJM2468,NY,PAS,2021-05-02,03:59P,NO PARKING-DAY/TIME LIMITS,60.0,110.0,Q
HCL1992,NY,PAS,2021-05-02,02:44P,NO PARKING-DAY/TIME LIMITS,60.0,110.0,Q
KGG3094,NY,PAS,2021-02-09,09:39A,OBSTRUCTING DRIVEWAY,95.0,108.0,Q
JRW1845,NY,PAS,2021-05-02,02:50P,NO PARKING-DAY/TIME LIMITS,60.0,110.0,Q
934YTM,CT,PAS,2021-05-02,04:00P,NO PARKING-DAY/TIME LIMITS,60.0,110.0,Q
KKG3236,NY,PAS,2021-05-02,04:24P,NO PARKING-DAY/TIME LIMITS,60.0,110.0,Q
HVY8308,NY,PAS,2021-05-02,04:28P,NO PARKING-DAY/TIME LIMITS,60.0,120.0,Q
KEH3049,NY,PAS,2021-05-02,05:06P,NO PARKING-DAY/TIME LIMITS,60.0,110.0,Q
GVZ2685,NY,PAS,2021-03-08,11:40A,NO PARKING-STREET CLEANING,65.0,50.0,BX
JGZ9947,NY,PAS,2021-05-02,05:04P,NO PARKING-DAY/TIME LIMITS,60.0,110.0,Q
KEF7599,NY,PAS,2021-03-05,12:10P,NO PARKING-STREET CLEANING,65.0,50.0,BX
JNB1833,NY,PAS,2021-05-02,04:30P,NO PARKING-DAY/TIME LIMITS,60.0,110.0,Q
KKT1206,NY,PAS,2021-05-02,06:32A,NO PARKING-DAY/TIME LIMITS,60.0,110.0,Q
FER1320,NY,PAS,2021-05-02,04:30P,NO PARKING-DAY/TIME LIMITS,60.0,110.0,Q
JCJ6076,NY,PAS,2021-05-02,04:16P,NO PARKING-DAY/TIME LIMITS,60.0,110.0,Q
FPA1551,NY,PAS,2021-05-02,04:35P,NO PARKING-DAY/TIME LIMITS,60.0,110.0,Q
JMZ8472,NY,PAS,2021-05-02,05:04P,NO PARKING-DAY/TIME LIMITS,60.0,110.0,Q
JRU2230,NY,PAS,2021-05-02,04:32P,NO PARKING-DAY/TIME LIMITS,60.0,110.0,Q
HFL4696,NC,PAS,2021-03-09,01:37P,NON-COMPLIANCE W/ POSTED SIGN,65.0,6.0,NY
T778538C,NY,PAS,2021-05-14,09:10A,OBSTRUCTING DRIVEWAY,0.0,104.0,
V86KBB,NJ,PAS,2021-05-15,12:33P,NO STANDING-DAY/TIME LIMITS,115.0,104.0,Q
QDMI11,FL,PAS,2021-05-10,09:57P,OBSTRUCTING DRIVEWAY,95.0,104.0,Q
JSF7692,NY,PAS,2021-05-16,07:55P,FIRE HYDRANT,115.0,104.0,Q
37408MM,NY,COM,2021-05-16,12:54A,FIRE HYDRANT,115.0,104.0,Q
37408MM,NY,COM,2021-05-16,00:54A,NGHT PKG ON RESID STR-COMM VEH,65.0,104.0,
LPE3386,PA,PAS,2021-05-05,08:55P,OBSTRUCTING DRIVEWAY,95.0,109.0,Q
KHH5077,99,PAS,2021-05-06,10:15P,OBSTRUCTING DRIVEWAY,95.0,104.0,Q
JRC1814,NY,PAS,2021-05-10,06:45A,OBSTRUCTING DRIVEWAY,95.0,108.0,Q
T748494C,NY,OMT,2021-05-08,04:20A,FIRE HYDRANT,115.0,109.0,Q
DBP6956,NY,PAS,2021-05-10,02:25A,OBSTRUCTING DRIVEWAY,95.0,109.0,Q
11219,NY,COM,2021-05-13,00:17A,NGHT PKG ON RESID STR-COMM VEH,65.0,104.0,NY
KLX4285,NY,PAS,2021-05-06,01:24A,FIRE HYDRANT,115.0,104.0,Q
65417MN,NY,COM,2021-05-06,09:33P,NGHT PKG ON RESID STR-COMM VEH,65.0,104.0,Q
T659384C,NY,OMT,2021-05-14,08:34A,OBSTRUCTING DRIVEWAY,95.0,34.0,NY
269NIX,FL,PAS,2021-05-07,08:30A,NO PARKING-STREET CLEANING,65.0,79.0,K
1095ID,ME,PAS,2021-05-01,10:35A,FIRE HYDRANT,115.0,75.0,K
013675T,NJ,PAS,2021-05-07,08:51A,NO PARKING-STREET CLEANING,65.0,107.0,Q
FBK9791,NY,PAS,2021-05-01,09:18A,FIRE HYDRANT,115.0,75.0,K
KZJ8452,PA,PAS,2021-05-01,10:23A,FIRE HYDRANT,115.0,75.0,K
FYT3502,NY,PAS,2021-05-01,07:21A,SIDEWALK,115.0,102.0,Q
ECM4066,NY,PAS,2021-04-28,10:40A,NO PARKING-STREET CLEANING,65.0,107.0,Q
T782364C,NY,OMT,2021-05-01,07:30A,CROSSWALK,115.0,107.0,Q
DXB580,GA,PAS,2021-05-01,08:07A,NO PARKING-STREET CLEANING,65.0,103.0,Q
2696308,IN,PAS,2021-05-05,07:31A,NO STANDING-DAY/TIME LIMITS,115.0,113.0,Q
2696308,IN,PAS,2021-05-06,07:25A,NO STANDING-DAY/TIME LIMITS,115.0,113.0,Q
EWS3420,NY,PAS,2021-03-20,02:47P,NO PARKING-DAY/TIME LIMITS,0.0,71.0,K
2896170,IL,PAS,2021-11-20,10:18A,OBSTRUCTING DRIVEWAY,0.0,70.0,K
JJX7756,NY,PAS,2021-05-06,10:38A,NO PARKING-STREET CLEANING,65.0,107.0,Q
JMM8661,NY,PAS,2021-05-14,06:40A,NO STANDING-DAY/TIME LIMITS,115.0,107.0,Q
HRS2674,NY,PAS,2021-05-07,08:47A,NO PARKING-STREET CLEANING,65.0,107.0,Q
JFG3676,NY,PAS,2021-05-07,09:49A,NO PARKING-STREET CLEANING,65.0,103.0,Q
EVR2733,NY,PAS,2021-05-07,10:45A,NO PARKING-STREET CLEANING,65.0,107.0,Q
JHU,NY,PAS,2021-05-08,06:32A,FIRE HYDRANT,115.0,103.0,Q
HNH9029,NY,PAS,2021-05-08,07:20A,NO STANDING-DAY/TIME LIMITS,115.0,102.0,Q
JHV6611,NY,PAS,2021-11-10,05:21P,FRONT OR BACK PLATE MISSING,0.0,63.0,K
FRG6933,NY,PAS,2021-01-23,09:37P,SAFETY ZONE,0.0,32.0,NY
BCW2271,NY,PAS,2021-05-08,07:51A,FAIL TO DSPLY MUNI METER RECPT,35.0,19.0,NY
7NNK686,CA,PAS,2021-05-08,08:02A,FAIL TO DSPLY MUNI METER RECPT,35.0,19.0,NY
KLB1364,NY,OMS,2021-05-13,07:51A,NO STANDING-EXC. TRUCK LOADING,95.0,19.0,NY
HFG8173,NY,PAS,2021-01-16,02:41P,BUS LANE VIOLATION,75.0,0.0,MN
HUC4900,NY,PAS,2021-01-16,02:58P,BUS LANE VIOLATION,75.0,0.0,MN
GWJ6688,NY,PAS,2021-01-03,12:35P,BUS LANE VIOLATION,75.0,0.0,MN
APXCEO,VA,PAS,2021-01-03,05:00P,BUS LANE VIOLATION,75.0,0.0,MN
GTK4203,NY,PAS,2021-01-03,07:27P,BUS LANE VIOLATION,50.0,0.0,BX
T724139C,NY,OMT,2021-01-03,07:27P,BUS LANE VIOLATION,50.0,0.0,MN
HWL9838,NY,PAS,2021-01-04,11:25A,BUS LANE VIOLATION,125.0,0.0,MN
LKK5739,PA,PAS,2021-01-04,01:05P,BUS LANE VIOLATION,75.0,0.0,BX
KER4723,NY,PAS,2021-01-04,02:37P,BUS LANE VIOLATION,125.0,0.0,MN
T704352C,NY,OMT,2021-01-16,08:16P,BUS LANE VIOLATION,75.0,0.0,BK
U97LKF,NJ,PAS,2021-01-04,07:25P,BUS LANE VIOLATION,50.0,0.0,MN
HGU7552,NY,PAS,2021-01-06,05:17P,BUS LANE VIOLATION,125.0,0.0,MN
KDR9782,NY,PAS,2021-01-07,07:53A,BUS LANE VIOLATION,125.0,0.0,BK
101142,NY,STA,2021-01-07,10:30A,BUS LANE VIOLATION,50.0,0.0,MN
T763239C,NY,OMT,2021-01-07,01:07P,BUS LANE VIOLATION,50.0,0.0,MN
JBN3221,NY,PAS,2021-01-08,11:08A,BUS LANE VIOLATION,75.0,0.0,BK
EKK1921,NY,PAS,2021-01-08,01:36P,BUS LANE VIOLATION,75.0,0.0,MN
LKK5739,PA,PAS,2021-01-08,03:31P,BUS LANE VIOLATION,75.0,0.0,BX
CL0110,NY,SRF,2021-01-08,05:44P,BUS LANE VIOLATION,75.0,0.0,BK
HJY7581,NY,PAS,2021-01-09,06:08A,BUS LANE VIOLATION,175.0,0.0,MN
EJF6000,NY,PAS,2021-01-09,09:31A,BUS LANE VIOLATION,75.0,0.0,MN
KDP1028,NY,PAS,2021-01-10,03:20P,BUS LANE VIOLATION,75.0,0.0,MN
V284ZE,NY,PAS,2021-01-10,04:32P,BUS LANE VIOLATION,50.0,0.0,MN
JEX2116,NY,PAS,2021-01-11,07:49A,BUS LANE VIOLATION,75.0,0.0,BK
KDP1028,NY,PAS,2021-01-11,04:23P,BUS LANE VIOLATION,75.0,0.0,MN
BB3979,NY,PSD,2021-01-12,08:58A,BUS LANE VIOLATION,50.0,0.0,BK
H10LLE,NJ,PAS,2021-01-12,04:49P,BUS LANE VIOLATION,50.0,0.0,BK
KDJ1108,NY,PAS,2021-01-12,06:11P,BUS LANE VIOLATION,75.0,0.0,BK
LJE8041,PA,PAS,2021-01-12,07:34P,BUS LANE VIOLATION,75.0,0.0,BK
X42HUU,NJ,PAS,2021-01-13,12:44P,BUS LANE VIOLATION,75.0,0.0,MN
JGA7503,NY,PAS,2021-01-13,03:45P,BUS LANE VIOLATION,75.0,0.0,QN
T689644C,NY,OMT,2021-01-13,04:46P,BUS LANE VIOLATION,125.0,0.0,BX
KER4496,NY,PAS,2021-01-14,12:41P,BUS LANE VIOLATION,75.0,0.0,MN
JBB5663,NY,PAS,2021-01-14,01:03P,BUS LANE VIOLATION,75.0,0.0,BK
JPA5830,NY,PAS,2021-01-14,01:27P,BUS LANE VIOLATION,125.0,0.0,MN
LKK5739,PA,PAS,2021-01-14,02:30P,BUS LANE VIOLATION,75.0,0.0,BX
JRZ3180,NY,PAS,2021-01-14,06:33P,BUS LANE VIOLATION,75.0,0.0,BX
EXN3505,NY,PAS,2021-01-15,08:01A,BUS LANE VIOLATION,75.0,0.0,BK
LKK5739,PA,PAS,2021-01-15,01:12P,BUS LANE VIOLATION,75.0,0.0,BX
INZX91,FL,PAS,2021-01-15,01:29P,BUS LANE VIOLATION,50.0,0.0,BX
JRV7416,NY,PAS,2021-01-15,03:08P,BUS LANE VIOLATION,75.0,0.0,BX
W82KBG,NJ,PAS,2021-01-14,07:30P,BUS LANE VIOLATION,175.0,0.0,BK
ERL9454,NY,PAS,2021-01-15,06:26P,BUS LANE VIOLATION,75.0,0.0,BX
51281NA,NY,COM,2021-01-16,10:41A,BUS LANE VIOLATION,75.0,0.0,MN
EBJ1263,NY,PAS,2021-01-16,02:36P,BUS LANE VIOLATION,75.0,0.0,BX
NGUA21,FL,PAS,2021-01-17,04:13P,BUS LANE VIOLATION,50.0,0.0,MN
GDE8057,NY,PAS,2021-01-17,06:34P,BUS LANE VIOLATION,75.0,0.0,MN
KJA5278,NY,PAS,2021-01-17,07:06P,BUS LANE VIOLATION,0.0,0.0,MN
21983ML,NY,COM,2021-01-19,09:56A,BUS LANE VIOLATION,125.0,0.0,MN
JJC1294,NY,PAS,2021-01-19,11:31A,BUS LANE VIOLATION,125.0,0.0,MN
JGJ7721,NY,PAS,2021-01-19,04:00P,BUS LANE VIOLATION,75.0,0.0,MN
AJ77892,AZ,PAS,2021-01-19,08:41A,BUS LANE VIOLATION,150.0,0.0,MN
HDG6622,NY,PAS,2021-01-19,05:56P,BUS LANE VIOLATION,75.0,0.0,MN
HNP1039,NY,PAS,2021-01-19,06:19P,BUS LANE VIOLATION,75.0,0.0,BK
KHV7240,NY,PAS,2021-01-20,12:07P,BUS LANE VIOLATION,75.0,0.0,BK
JKN5052,NY,PAS,2021-01-20,12:49P,BUS LANE VIOLATION,75.0,0.0,BK
JMK8893,NY,PAS,2021-01-20,01:43P,BUS LANE VIOLATION,75.0,0.0,BX
JRG7528,NY,PAS,2021-01-20,04:23P,BUS LANE VIOLATION,50.0,0.0,BX
T754795C,NY,OMT,2021-01-20,04:35P,BUS LANE VIOLATION,125.0,0.0,BK
KDF5672,NY,PAS,2021-01-20,05:42P,BUS LANE VIOLATION,50.0,0.0,BX
GVL6067,NY,PAS,2021-01-21,06:59A,BUS LANE VIOLATION,175.0,0.0,BX
HWU9979,NY,PAS,2021-01-21,01:14P,BUS LANE VIOLATION,75.0,0.0,BK
H11MUB,NJ,PAS,2021-01-21,01:20P,BUS LANE VIOLATION,125.0,0.0,BK
N88LKB,NJ,PAS,2021-01-22,11:21A,FAIL TO DSPLY MUNI METER RECPT,0.0,70.0,K
P87MFL,NJ,PAS,2021-05-08,07:39A,FAIL TO DSPLY MUNI METER RECPT,35.0,19.0,NY
4824YE,ME,PAS,2021-05-13,04:47A,ANGLE PARKING,45.0,19.0,NY
FABTWINZ,NY,SRF,2021-01-21,02:45P,BUS LANE VIOLATION,100.0,0.0,MN
JBD4967,NY,PAS,2021-01-22,10:20A,BUS LANE VIOLATION,75.0,0.0,MN
T68JKU,NJ,PAS,2021-01-22,12:20P,BUS LANE VIOLATION,75.0,0.0,MN
Y94KHD,NJ,PAS,2021-01-22,12:48P,BUS LANE VIOLATION,75.0,0.0,MN
KED7098,NY,PAS,2021-01-22,01:38P,BUS LANE VIOLATION,75.0,0.0,BK
KGZ2280,NY,PAS,2021-01-22,02:19P,BUS LANE VIOLATION,75.0,0.0,BK
EVB5970,NY,PAS,2021-01-22,03:36P,BUS LANE VIOLATION,75.0,0.0,MN
JLP2073,NY,PAS,2021-01-22,04:25P,BUS LANE VIOLATION,75.0,0.0,MN
HBU4300,NY,PAS,2021-01-22,05:32P,BUS LANE VIOLATION,125.0,0.0,BK
GWB2339,NY,PAS,2021-01-22,06:27P,BUS LANE VIOLATION,75.0,0.0,BK
JNT9358,NY,PAS,2021-01-22,06:38P,BUS LANE VIOLATION,75.0,0.0,BK
KEX5172,NY,PAS,2021-01-22,06:44P,BUS LANE VIOLATION,75.0,0.0,BX
KGC5946,NY,PAS,2021-01-23,06:06A,BUS LANE VIOLATION,75.0,0.0,QN
DSN9210,NY,PAS,2021-01-23,11:29A,BUS LANE VIOLATION,125.0,0.0,MN
KHL9636,NY,PAS,2021-01-23,12:59P,BUS LANE VIOLATION,75.0,0.0,BK
DKU1607,NY,PAS,2021-01-23,03:42P,BUS LANE VIOLATION,75.0,0.0,MN
KEX3072,NY,PAS,2021-01-20,03:15P,BUS LANE VIOLATION,75.0,0.0,BK
KEV2746,NY,PAS,2021-01-22,11:59A,BUS LANE VIOLATION,75.0,0.0,BX
L72MNR,NJ,PAS,2021-01-22,02:32P,BUS LANE VIOLATION,75.0,0.0,MN
HZJ3291,NY,PAS,2021-01-24,08:38A,BUS LANE VIOLATION,75.0,0.0,MN
XHYU86,NJ,PAS,2021-01-25,10:28A,BUS LANE VIOLATION,75.0,0.0,MN
NTNM77,FL,PAS,2021-01-26,03:09P,BUS LANE VIOLATION,50.0,0.0,BX
KDS1615,NY,PAS,2021-05-08,09:01A,FAIL TO DSPLY MUNI METER RECPT,35.0,19.0,NY
ACJ1644,NY,PAS,2021-01-27,06:09A,BUS LANE VIOLATION,50.0,0.0,BK
8EE1701,ME,PAS,2021-05-10,07:22A,NO PARKING-DAY/TIME LIMITS,60.0,19.0,NY
GMT8615,NY,PAS,2021-05-09,07:54P,NO PARKING-DAY/TIME LIMITS,60.0,19.0,NY
KDY1797,NY,PAS,2021-05-16,10:00A,OBSTRUCTING DRIVEWAY,95.0,47.0,BX
GZE5978,NY,PAS,2021-05-01,11:41A,NON-COMPLIANCE W/ POSTED SIGN,60.0,84.0,K
KHL9520,NY,PAS,2021-05-07,04:48P,NON-COMPLIANCE W/ POSTED SIGN,60.0,84.0,K
HHV5703,NY,PAS,2021-05-11,11:58A,NO PARKING-STREET CLEANING,65.0,90.0,K
LMY7395,PA,PAS,2021-05-12,11:52A,NO PARKING-STREET CLEANING,65.0,76.0,K
2GS462,MA,PAS,2021-05-12,11:35A,NO PARKING-STREET CLEANING,65.0,76.0,K
T717826C,NY,OMT,2021-01-27,11:03A,BUS LANE VIOLATION,50.0,0.0,BK
GUR1764,NY,PAS,2021-01-27,02:46P,BUS LANE VIOLATION,200.0,0.0,MN
KHL2381,NY,PAS,2021-01-28,11:04A,BUS LANE VIOLATION,50.0,0.0,BK
HPL4015,NY,PAS,2021-02-09,06:50P,BUS LANE VIOLATION,50.0,0.0,BK
2BC5714,AL,PAS,2021-01-29,06:35A,FIRE HYDRANT,0.0,48.0,BX
18819MH,NY,COM,2021-02-10,08:57A,BUS LANE VIOLATION,100.0,0.0,MN
41447MK,NY,COM,2021-02-10,11:40A,BUS LANE VIOLATION,50.0,0.0,QN
20307MG,NY,COM,2021-02-10,12:44P,BUS LANE VIOLATION,50.0,0.0,MN
UKF3777,VA,PAS,2021-02-10,12:56P,BUS LANE VIOLATION,50.0,0.0,BX
T783092C,NY,OMT,2021-02-10,08:39P,BUS LANE VIOLATION,50.0,0.0,BX
UFK9210,VA,PAS,2021-02-11,12:29P,BUS LANE VIOLATION,50.0,0.0,BX
KYE6195,PA,PAS,2021-05-19,07:44A,NO PARKING-STREET CLEANING,65.0,114.0,Qns
JBH5014,NY,PAS,2021-01-28,07:02P,BUS LANE VIOLATION,50.0,0.0,MN
T686500C,NY,OMT,2021-01-29,02:28P,BUS LANE VIOLATION,50.0,0.0,BX
HCU7462,NY,PAS,2021-01-29,02:41P,BUS LANE VIOLATION,50.0,0.0,MN
JEX8279,NY,PAS,2021-01-29,07:58P,BUS LANE VIOLATION,50.0,0.0,MN
JBZ6306,NY,PAS,2021-01-29,09:37P,BUS LANE VIOLATION,50.0,0.0,MN
PT303A1,PA,PAS,2021-01-12,08:40A,DETACHED TRAILER,55.0,108.0,Q
Y200041C,NY,OMT,2021-01-30,11:49A,BUS LANE VIOLATION,150.0,0.0,MN
KZC3316,PA,PAS,2021-01-30,01:33P,BUS LANE VIOLATION,50.0,0.0,MN
JEJ4484,NY,PAS,2021-02-01,09:25A,BUS LANE VIOLATION,50.0,0.0,BX
KJH2280,NY,PAS,2021-02-02,09:52P,BUS LANE VIOLATION,50.0,0.0,MN
T713782C,NY,OMT,2021-02-03,06:12A,BUS LANE VIOLATION,0.0,0.0,QN
XFMC38,NJ,PAS,2021-02-03,12:39P,BUS LANE VIOLATION,150.0,0.0,MN
CML6534,NY,PAS,2021-02-04,12:16P,BUS LANE VIOLATION,50.0,0.0,QN
T725212C,NY,OMT,2021-02-04,01:25P,BUS LANE VIOLATION,50.0,0.0,MN
9DE6845,MD,PAS,2021-02-04,01:58P,BUS LANE VIOLATION,0.0,0.0,BK
KJB8172,NY,PAS,2021-02-04,03:47P,BUS LANE VIOLATION,50.0,0.0,BK
JPT9029,NY,PAS,2021-02-04,04:04P,BUS LANE VIOLATION,50.0,0.0,BX
HYU4496,NY,PAS,2021-02-04,05:33P,BUS LANE VIOLATION,50.0,0.0,BX
D31MMB,NJ,PAS,2021-02-04,05:44P,BUS LANE VIOLATION,50.0,0.0,BK
7EC2086,MD,PAS,2021-02-04,06:17P,BUS LANE VIOLATION,250.0,0.0,MN
HXV8174,NY,PAS,2021-02-05,04:03P,BUS LANE VIOLATION,50.0,0.0,ST
T709482C,NY,OMT,2021-02-05,04:18P,BUS LANE VIOLATION,50.0,0.0,MN
T722202C,NY,OMT,2021-02-05,04:24P,BUS LANE VIOLATION,100.0,0.0,MN
JHA9558,NY,PAS,2021-02-05,05:20P,BUS LANE VIOLATION,50.0,0.0,BX
GLL1377,NY,PAS,2021-02-06,09:32A,BUS LANE VIOLATION,100.0,0.0,MN
JEJ3160,NY,PAS,2021-02-06,12:58P,BUS LANE VIOLATION,50.0,0.0,BX
T731634C,NY,OMT,2021-02-06,03:45P,BUS LANE VIOLATION,50.0,0.0,MN
KGL6104,PA,PAS,2021-02-05,06:38P,BUS LANE VIOLATION,50.0,0.0,BX
JEX8279,NY,PAS,2021-02-07,05:17P,BUS LANE VIOLATION,50.0,0.0,MN
JPY7340,NY,PAS,2021-02-08,01:11P,BUS LANE VIOLATION,50.0,0.0,BK
Z17KKZ,NJ,PAS,2021-02-08,09:35P,BUS LANE VIOLATION,50.0,0.0,MN
DZL3006,NY,PAS,2021-02-09,10:06A,BUS LANE VIOLATION,50.0,0.0,MN
X42CEU,NJ,PAS,2021-02-09,10:48A,BUS LANE VIOLATION,0.0,0.0,MN
KGC6399,NY,PAS,2021-02-09,11:34A,BUS LANE VIOLATION,50.0,0.0,MN
HYB6629,NY,PAS,2021-02-09,01:06P,BUS LANE VIOLATION,50.0,0.0,BK
UGN9782,VA,PAS,2021-02-09,03:52P,BUS LANE VIOLATION,50.0,0.0,MN
B20NJJ,NJ,PAS,2021-02-09,04:45P,BUS LANE VIOLATION,50.0,0.0,BX
J70HGH,NJ,PAS,2021-02-09,05:47P,BUS LANE VIOLATION,50.0,0.0,MN
HNF5191,NY,PAS,2021-02-09,05:48P,BUS LANE VIOLATION,250.0,0.0,MN
29851MJ,NY,COM,2021-02-11,12:35P,BUS LANE VIOLATION,200.0,0.0,MN
NZB4354,TX,PAS,2021-02-11,12:58P,BUS LANE VIOLATION,50.0,0.0,MN
KDZ8747,NY,PAS,2021-02-11,01:04P,BUS LANE VIOLATION,50.0,0.0,MN
XFMC38,NJ,PAS,2021-02-11,01:29P,BUS LANE VIOLATION,150.0,0.0,MN
KEP8028,NY,PAS,2021-02-11,02:04P,BUS LANE VIOLATION,100.0,0.0,BK
55551MA,NY,COM,2021-02-11,02:49P,BUS LANE VIOLATION,50.0,0.0,MN
XFMC38,NJ,PAS,2021-02-11,03:17P,BUS LANE VIOLATION,150.0,0.0,MN
KGF2926,NY,PAS,2021-02-11,04:45P,BUS LANE VIOLATION,50.0,0.0,QN
GZE1711,NY,PAS,2021-02-11,04:56P,BUS LANE VIOLATION,50.0,0.0,BK
HNP3346,NY,PAS,2021-02-11,05:27P,BUS LANE VIOLATION,50.0,0.0,BX
NXAR71,FL,PAS,2021-02-11,05:35P,BUS LANE VIOLATION,0.0,0.0,BK
KGH8131,NY,PAS,2021-02-11,05:55P,BUS LANE VIOLATION,50.0,0.0,BK
4572914,NH,PAS,2021-02-11,06:16P,BUS LANE VIOLATION,50.0,0.0,BK
HPU8842,NY,PAS,2021-02-11,06:23P,BUS LANE VIOLATION,50.0,0.0,BK
HVF2489,NY,PAS,2021-02-12,08:43A,BUS LANE VIOLATION,50.0,0.0,MN
KHA6590,NY,PAS,2021-02-12,11:15A,BUS LANE VIOLATION,50.0,0.0,BK
46540NA,NY,COM,2021-02-12,11:16A,BUS LANE VIOLATION,50.0,0.0,MN
UGN9782,VA,PAS,2021-02-10,04:17P,BUS LANE VIOLATION,50.0,0.0,MN
T69HYP,NJ,PAS,2021-02-11,11:43A,BUS LANE VIOLATION,50.0,0.0,MN
T690884C,NY,OMT,2021-02-11,01:41P,BUS LANE VIOLATION,50.0,0.0,BK
B82FXL,NJ,PAS,2021-02-12,03:16P,BUS LANE VIOLATION,50.0,0.0,BK
N28LAJ,NJ,PAS,2021-02-12,03:25P,BUS LANE VIOLATION,50.0,0.0,BK
NSZ1515,TX,PAS,2021-02-12,03:36P,BUS LANE VIOLATION,50.0,0.0,BK
UFZ9545,VA,PAS,2021-02-12,03:51P,BUS LANE VIOLATION,50.0,0.0,MN
LMV3885,PA,PAS,2021-02-12,04:11P,BUS LANE VIOLATION,50.0,0.0,BK
UMT3862,VA,PAS,2021-02-12,04:16P,BUS LANE VIOLATION,250.0,0.0,BX
HZG4171,NY,PAS,2021-03-05,12:45A,NO STANDING-DAY/TIME LIMITS,115.0,71.0,K
KGH5882,NY,PAS,2021-02-26,09:53A,NO PARKING-DAY/TIME LIMITS,60.0,71.0,K
KHE5283,NY,PAS,2021-02-12,09:09P,BUS LANE VIOLATION,0.0,0.0,MN
FMC7156,NY,PAS,2021-02-13,08:24A,BUS LANE VIOLATION,50.0,0.0,MN
GBE1961,NY,PAS,2021-02-13,10:24A,BUS LANE VIOLATION,50.0,0.0,MN
30672NA,NY,COM,2021-02-13,11:04A,BUS LANE VIOLATION,50.0,0.0,MN
HGU7552,NY,PAS,2021-02-13,01:15P,BUS LANE VIOLATION,150.0,0.0,MN
UJZ3950,VA,PAS,2021-02-13,03:30P,BUS LANE VIOLATION,50.0,0.0,MN
HYK4375,NY,PAS,2021-02-13,03:31P,BUS LANE VIOLATION,50.0,0.0,MN
HHL3261,NY,PAS,2021-02-13,06:34P,BUS LANE VIOLATION,50.0,0.0,BX
K65MRA,NJ,PAS,2021-02-13,06:44P,BUS LANE VIOLATION,50.0,0.0,MN
HXW1497,NY,PAS,2021-02-14,02:59P,BUS LANE VIOLATION,50.0,0.0,MN
HTS9377,NY,PAS,2021-02-14,03:27P,BUS LANE VIOLATION,50.0,0.0,MN
KGW1144,NY,PAS,2021-01-22,12:38P,BUS LANE VIOLATION,50.0,0.0,BK
KJG2546,NY,PAS,2021-02-15,08:57A,BUS LANE VIOLATION,50.0,0.0,MN
GVA7630,NY,PAS,2021-02-14,08:03P,BUS LANE VIOLATION,100.0,0.0,MN
88071ME,NY,COM,2021-02-15,03:09P,BUS LANE VIOLATION,250.0,0.0,MN
GGM2715,NY,PAS,2021-02-15,07:28P,BUS LANE VIOLATION,50.0,0.0,MN
RTP0217,GA,PAS,2021-02-15,07:30P,BUS LANE VIOLATION,50.0,0.0,MN
20037MH,NY,COM,2021-02-16,07:45A,BUS LANE VIOLATION,250.0,0.0,MN
17306MM,NY,COM,2021-02-16,09:22A,BUS LANE VIOLATION,50.0,0.0,MN
AK21672,AZ,PAS,2021-02-16,11:28A,BUS LANE VIOLATION,100.0,0.0,MN
87223MK,NY,COM,2021-02-16,02:20P,BUS LANE VIOLATION,200.0,0.0,MN
NJR1992,NY,PAS,2021-02-11,11:38A,NO PARKING-STREET CLEANING,55.0,34.0,NY
44768MK,NY,COM,2021-02-16,04:24P,BUS LANE VIOLATION,250.0,0.0,MN
57281JZ,NY,COM,2021-02-16,06:04P,BUS LANE VIOLATION,150.0,0.0,MN
JBX9297,NY,PAS,2021-02-17,06:04A,BUS LANE VIOLATION,100.0,0.0,MN
14744NA,NY,COM,2021-02-17,07:02A,BUS LANE VIOLATION,50.0,0.0,MN
HCB7048,NY,PAS,2021-02-17,10:17A,BUS LANE VIOLATION,50.0,0.0,BK
KJL3895,NY,PAS,2021-02-17,10:29A,BUS LANE VIOLATION,50.0,0.0,BX
89621MK,NY,COM,2021-02-17,12:32P,BUS LANE VIOLATION,150.0,0.0,MN
R44JRB,NJ,PAS,2021-02-17,01:59P,BUS LANE VIOLATION,50.0,0.0,BX
59910NA,NY,COM,2021-02-17,02:29P,BUS LANE VIOLATION,50.0,0.0,MN
28634MH,NY,COM,2021-02-17,02:29P,BUS LANE VIOLATION,100.0,0.0,MN
67934MN,NY,COM,2021-02-17,03:27P,BUS LANE VIOLATION,50.0,0.0,MN
KECP62,FL,PAS,2021-02-17,05:32P,BUS LANE VIOLATION,50.0,0.0,MN
HGE6237,NY,PAS,2021-02-17,11:36A,BUS LANE VIOLATION,50.0,0.0,BK
74074MH,NY,COM,2021-02-17,03:32P,BUS LANE VIOLATION,100.0,0.0,MN
ARF5764,NY,PAS,2021-02-17,08:23P,BUS LANE VIOLATION,50.0,0.0,MN
67934MN,NY,COM,2021-02-18,07:17A,BUS LANE VIOLATION,250.0,0.0,MN
AJ99351,AZ,PAS,2021-02-18,08:44A,BUS LANE VIOLATION,50.0,0.0,BK
KHD6160,NY,PAS,2021-02-05,10:30P,OBSTRUCTING DRIVEWAY,95.0,110.0,Q
79613MD,NY,COM,2021-02-16,02:54P,BUS LANE VIOLATION,100.0,0.0,MN
76160MB,NY,COM,2021-02-16,03:46P,BUS LANE VIOLATION,250.0,0.0,BK
48910MJ,NY,COM,2021-02-16,03:49P,BUS LANE VIOLATION,250.0,0.0,MN
969734R,NY,PAS,2021-05-20,09:47A,NO PARKING-STREET CLEANING,65.0,6.0,NY
171F21,NY,PAS,2021-05-20,08:32A,NO PARKING-STREET CLEANING,65.0,1.0,NY
JGA2776,NY,PAS,2021-02-18,08:57A,BUS LANE VIOLATION,150.0,0.0,MN
JMJ1698,NY,PAS,2021-02-18,09:32A,BUS LANE VIOLATION,50.0,0.0,MN
T682500C,NY,OMT,2021-02-18,10:17A,BUS LANE VIOLATION,50.0,0.0,BK
44076MK,NY,COM,2021-02-18,04:33P,BUS LANE VIOLATION,250.0,0.0,BX
DVZ4180,NY,PAS,2021-02-18,04:40P,BUS LANE VIOLATION,100.0,0.0,BX
80194MM,NY,COM,2021-02-18,05:07P,BUS LANE VIOLATION,200.0,0.0,BK
FFC3383,NY,PAS,2021-02-18,06:10P,BUS LANE VIOLATION,250.0,0.0,MN
HHN7880,NY,PAS,2021-02-18,07:21P,BUS LANE VIOLATION,50.0,0.0,MN
37447MK,NY,COM,2021-02-19,09:12A,BUS LANE VIOLATION,100.0,0.0,MN
14744NA,NY,COM,2021-02-19,09:13A,BUS LANE VIOLATION,50.0,0.0,MN
56299MG,NY,COM,2021-02-19,10:37A,BUS LANE VIOLATION,250.0,0.0,MN
DKP3366,NY,PAS,2021-02-19,10:54A,BUS LANE VIOLATION,50.0,0.0,BK
14744NA,NY,COM,2021-02-19,02:19P,BUS LANE VIOLATION,50.0,0.0,MN
T783102C,NY,OMT,2021-02-19,02:35P,BUS LANE VIOLATION,50.0,0.0,MN
WILSIT,NY,ORG,2021-02-19,03:14P,BUS LANE VIOLATION,50.0,0.0,BX
28642MH,NY,COM,2021-02-19,04:50P,BUS LANE VIOLATION,50.0,0.0,MN
JAW9619,NY,PAS,2021-02-20,12:13P,BUS LANE VIOLATION,50.0,0.0,MN
GCD8508,NY,PAS,2021-02-20,12:38P,BUS LANE VIOLATION,100.0,0.0,MN
68308MG,NY,COM,2021-02-20,01:40P,BUS LANE VIOLATION,50.0,0.0,MN
KJA1103,NY,PAS,2021-02-20,02:57P,BUS LANE VIOLATION,100.0,0.0,QN
HSZ6653,NY,PAS,2021-02-20,04:56P,BUS LANE VIOLATION,50.0,0.0,MN
URX9544,VA,PAS,2021-02-18,03:25P,BUS LANE VIOLATION,50.0,0.0,BX
DXS4943,NY,PAS,2021-02-21,12:04P,BUS LANE VIOLATION,50.0,0.0,BK
DHY5466,NY,PAS,2021-02-21,12:32P,BUS LANE VIOLATION,50.0,0.0,MN
F20KZU,NJ,PAS,2021-02-21,12:55P,BUS LANE VIOLATION,50.0,0.0,MN
JGA4063,NY,PAS,2021-02-21,01:43P,BUS LANE VIOLATION,50.0,0.0,QN
GXH9726,NY,PAS,2021-02-21,01:51P,BUS LANE VIOLATION,50.0,0.0,MN
JFW4683,NY,PAS,2021-02-21,06:18P,BUS LANE VIOLATION,50.0,0.0,MN
93311MC,NY,COM,2021-02-21,09:09P,BUS LANE VIOLATION,250.0,0.0,MN
JKX8429,NY,PAS,2021-02-22,09:37A,BUS LANE VIOLATION,50.0,0.0,MN
KJW2003,NY,PAS,2021-02-22,10:16A,BUS LANE VIOLATION,50.0,0.0,MN
Y200254C,NY,OMT,2021-02-22,11:15A,BUS LANE VIOLATION,50.0,0.0,MN
T697653C,NY,OMT,2021-02-22,11:33A,BUS LANE VIOLATION,50.0,0.0,MN
86171MM,NY,COM,2021-02-19,06:17P,BUS LANE VIOLATION,250.0,0.0,MN
19889ML,NY,COM,2021-02-20,08:04P,BUS LANE VIOLATION,250.0,0.0,MN
JFC1681,NY,PAS,2021-02-21,05:10P,BUS LANE VIOLATION,50.0,0.0,MN
80286MM,NY,COM,2021-02-22,11:15A,BUS LANE VIOLATION,200.0,0.0,MN
90040ML,NY,COM,2021-02-22,01:30P,BUS LANE VIOLATION,50.0,0.0,MN
89320MJ,NY,COM,2021-02-22,01:49P,BUS LANE VIOLATION,250.0,0.0,BK
JGA2776,NY,PAS,2021-02-22,01:58P,BUS LANE VIOLATION,150.0,0.0,MN
87541MC,NY,COM,2021-02-22,02:06P,BUS LANE VIOLATION,50.0,0.0,MN
KFT7498,NY,PAS,2021-02-22,03:53P,BUS LANE VIOLATION,50.0,0.0,BX
12060MJ,NY,COM,2021-02-22,03:53P,BUS LANE VIOLATION,250.0,0.0,MN
62157MM,NY,COM,2021-02-22,05:22P,BUS LANE VIOLATION,50.0,0.0,BX
IR29KR,FL,PAS,2021-02-22,05:33P,BUS LANE VIOLATION,50.0,0.0,QN
A33KEV,NJ,PAS,2021-02-22,05:42P,BUS LANE VIOLATION,50.0,0.0,BX
13051MP,NY,COM,2021-02-22,06:40P,BUS LANE VIOLATION,50.0,0.0,BK
KJZ4542,NY,PAS,2021-02-23,09:32A,BUS LANE VIOLATION,50.0,0.0,BK
CAK5460,NY,PAS,2021-02-23,09:51A,BUS LANE VIOLATION,50.0,0.0,MN
U17MJA,NJ,PAS,2021-02-23,10:33A,BUS LANE VIOLATION,50.0,0.0,MN
874638R,NJ,PAS,2021-01-22,06:32A,NO PARKING-DAY/TIME LIMITS,0.0,47.0,BX
89473MJ,NY,COM,2021-02-23,12:02P,BUS LANE VIOLATION,250.0,0.0,BX
T771929C,NY,OMT,2021-02-23,12:59P,BUS LANE VIOLATION,100.0,0.0,BK
KEN5071,NY,PAS,2021-02-23,02:01P,BUS LANE VIOLATION,50.0,0.0,BX
76022MN,NY,COM,2021-02-23,02:15P,BUS LANE VIOLATION,50.0,0.0,MN
83626ME,NY,COM,2021-02-23,03:43P,BUS LANE VIOLATION,50.0,0.0,BK
H56MNG,NJ,PAS,2021-02-23,04:31P,BUS LANE VIOLATION,50.0,0.0,MN
HLY9887,NY,PAS,2021-02-23,04:39P,BUS LANE VIOLATION,50.0,0.0,MN
PXLM33,FL,PAS,2021-02-23,05:39P,BUS LANE VIOLATION,100.0,0.0,MN
JSD2970,NY,PAS,2021-02-23,05:52P,BUS LANE VIOLATION,50.0,0.0,MN
M74FAS,NJ,PAS,2021-02-23,06:51P,BUS LANE VIOLATION,50.0,0.0,BX
XHLW76,NJ,PAS,2021-02-24,07:57A,BUS LANE VIOLATION,100.0,0.0,MN
HCS1885,NY,PAS,2021-02-22,05:01P,BUS LANE VIOLATION,50.0,0.0,BK
XDRE69,NJ,PAS,2021-02-23,12:34P,BUS LANE VIOLATION,50.0,0.0,MN
T676119C,NY,OMT,2021-02-23,04:42P,BUS LANE VIOLATION,250.0,0.0,MN
T740536C,NY,OMT,2021-02-24,07:21A,BUS LANE VIOLATION,50.0,0.0,BX
GHP1660,NY,PAS,2021-02-18,09:40A,NO PARKING-STREET CLEANING,0.0,25.0,NY
49837JG,NY,COM,2021-02-24,09:28A,BUS LANE VIOLATION,150.0,0.0,MN
GYD5395,NY,PAS,2021-07-19,03:50A,NO STANDING-DAY/TIME LIMITS,115.0,100.0,Q
KHT1280,NY,PAS,2021-02-24,10:25A,BUS LANE VIOLATION,50.0,0.0,MN
JGM7647,NY,PAS,2021-01-26,03:52P,NO STANDING-DAY/TIME LIMITS,0.0,79.0,K
E37KYT,NJ,PAS,2021-02-24,11:49A,BUS LANE VIOLATION,150.0,0.0,BK
T791599C,NY,OMT,2021-02-24,12:15P,BUS LANE VIOLATION,50.0,0.0,MN
87968MK,NY,COM,2021-02-24,08:51P,BUS LANE VIOLATION,250.0,0.0,MN
HLA5621,NY,PAS,2021-02-25,08:12A,BUS LANE VIOLATION,50.0,0.0,QN
JPX1499,NY,PAS,2021-02-07,09:06A,OBSTRUCTING DRIVEWAY,95.0,115.0,Q
66730MD,NY,COM,2021-02-24,12:34P,BUS LANE VIOLATION,250.0,0.0,MN
T766574C,NY,OMT,2021-02-24,02:16P,BUS LANE VIOLATION,50.0,0.0,MN
HYB1787,NY,PAS,2021-02-24,02:35P,BUS LANE VIOLATION,50.0,0.0,BK
81910MA,NY,COM,2021-02-24,02:50P,BUS LANE VIOLATION,100.0,0.0,MN
GSC6061,NY,PAS,2021-02-24,03:45P,BUS LANE VIOLATION,50.0,0.0,ST
KFP9909,NY,PAS,2021-02-24,03:50P,BUS LANE VIOLATION,50.0,0.0,BK
LCYC94,FL,PAS,2021-02-24,03:58P,BUS LANE VIOLATION,50.0,0.0,MN
52415MJ,NY,COM,2021-02-22,02:08P,BUS LANE VIOLATION,250.0,0.0,MN
T700587C,NY,OMT,2021-02-24,05:47P,BUS LANE VIOLATION,50.0,0.0,BK
KEE4405,NY,PAS,2021-01-22,02:09P,NO PARKING-DAY/TIME LIMITS,0.0,5.0,NY
T806702C,NY,OMT,2021-02-24,06:44P,BUS LANE VIOLATION,50.0,0.0,BK
44076MK,NY,COM,2021-02-24,07:05P,BUS LANE VIOLATION,250.0,0.0,BX
TVE138,SC,PAS,2021-02-25,11:20A,BUS LANE VIOLATION,50.0,0.0,BK
101142,NY,STA,2021-02-25,11:51A,BUS LANE VIOLATION,50.0,0.0,MN
JRV5226,NY,PAS,2021-02-25,12:01P,BUS LANE VIOLATION,50.0,0.0,MN
KDX7505,NY,PAS,2021-02-25,02:02P,BUS LANE VIOLATION,50.0,0.0,BK
KJN2555,NY,PAS,2021-02-25,02:31P,BUS LANE VIOLATION,50.0,0.0,BK
T772619C,NY,OMT,2021-02-25,07:26A,BUS LANE VIOLATION,50.0,0.0,MN
AJ76440,AZ,PAS,2021-02-25,03:09P,BUS LANE VIOLATION,50.0,0.0,MN
69064CH,MD,PAS,2021-02-25,03:27P,BUS LANE VIOLATION,50.0,0.0,QN
EFJ1993,NY,PAS,2021-02-25,03:43P,BUS LANE VIOLATION,50.0,0.0,MN
61340MC,NY,COM,2021-02-25,03:51P,BUS LANE VIOLATION,250.0,0.0,MN
D17MYH,NJ,PAS,2021-02-25,04:04P,BUS LANE VIOLATION,50.0,0.0,ST
KGH2594,NY,PAS,2021-02-25,04:59P,BUS LANE VIOLATION,50.0,0.0,QN
24247MM,NY,COM,2021-02-25,05:01P,BUS LANE VIOLATION,150.0,0.0,MN
79612MD,NY,COM,2021-02-25,05:10P,BUS LANE VIOLATION,200.0,0.0,MN
KJW2003,NY,PAS,2021-02-25,05:12P,BUS LANE VIOLATION,50.0,0.0,MN
KKU3119,NY,PAS,2021-02-25,05:43P,BUS LANE VIOLATION,50.0,0.0,MN
S71MBK,NJ,PAS,2021-02-25,06:20P,BUS LANE VIOLATION,50.0,0.0,MN
HVX3224,NY,PAS,2021-02-25,06:20P,BUS LANE VIOLATION,50.0,0.0,MN
HAC9594,NY,PAS,2021-02-25,06:25P,BUS LANE VIOLATION,50.0,0.0,BX
JHT5139,NY,PAS,2021-02-25,06:45P,BUS LANE VIOLATION,50.0,0.0,BX
KGH4269,NY,PAS,2021-02-26,07:39A,BUS LANE VIOLATION,50.0,0.0,BK
KDR1520,NY,PAS,2021-02-26,08:55A,BUS LANE VIOLATION,250.0,0.0,BK
HKB1790,NY,PAS,2021-02-26,09:09A,BUS LANE VIOLATION,50.0,0.0,BX
49837JG,NY,COM,2021-02-26,09:22A,BUS LANE VIOLATION,200.0,0.0,MN
62945ML,NY,COM,2021-02-26,09:54A,BUS LANE VIOLATION,250.0,0.0,MN
36967MA,NY,COM,2021-02-26,10:48A,BUS LANE VIOLATION,50.0,0.0,MN
W22NDB,NJ,PAS,2021-02-25,06:24P,BUS LANE VIOLATION,50.0,0.0,QN
T757692C,NY,OMT,2021-02-26,10:55A,BUS LANE VIOLATION,100.0,0.0,BX
HMX8789,NY,PAS,2021-02-26,11:01A,BUS LANE VIOLATION,100.0,0.0,BK
89328MJ,NY,COM,2021-02-25,10:24A,BUS LANE VIOLATION,250.0,0.0,BK
A81FPT,NJ,PAS,2021-02-26,12:04P,BUS LANE VIOLATION,50.0,0.0,BX
88272ML,NY,COM,2021-02-26,12:05P,BUS LANE VIOLATION,100.0,0.0,MN
HYU8843,NY,PAS,2021-02-26,01:03P,BUS LANE VIOLATION,50.0,0.0,QN
JAB9005,NY,PAS,2021-02-26,01:09P,BUS LANE VIOLATION,50.0,0.0,MN
N74KJJ,NJ,PAS,2021-02-26,01:51P,BUS LANE VIOLATION,50.0,0.0,MN
X75ELV,NJ,PAS,2021-02-26,02:01P,BUS LANE VIOLATION,50.0,0.0,MN
KHX9476,NY,PAS,2021-02-26,02:11P,BUS LANE VIOLATION,100.0,0.0,QN
P49MYF,NJ,PAS,2021-02-26,02:21P,BUS LANE VIOLATION,50.0,0.0,BX
QHVK78,FL,PAS,2021-02-26,03:03P,BUS LANE VIOLATION,100.0,0.0,MN
ALS8126,NY,PAS,2021-02-26,03:33P,BUS LANE VIOLATION,50.0,0.0,BK
A87LKN,NJ,PAS,2021-02-26,03:41P,BUS LANE VIOLATION,50.0,0.0,MN
LDN8970,PA,PAS,2021-02-26,03:57P,BUS LANE VIOLATION,50.0,0.0,BX
T681824C,NY,OMT,2021-02-26,04:00P,BUS LANE VIOLATION,50.0,0.0,BX
HYZ7959,NY,OMS,2021-02-26,04:03P,BUS LANE VIOLATION,50.0,0.0,MN
68570MN,NY,COM,2021-02-26,04:46P,BUS LANE VIOLATION,0.0,0.0,MN
AJB3777,NY,PAS,2021-02-26,05:02P,BUS LANE VIOLATION,50.0,0.0,BK
KDV8259,NY,PAS,2021-02-26,05:03P,BUS LANE VIOLATION,50.0,0.0,MN
KDR1583,NY,PAS,2021-02-26,05:06P,BUS LANE VIOLATION,50.0,0.0,BK
KGW4370,NY,PAS,2021-02-26,05:20P,BUS LANE VIOLATION,50.0,0.0,MN
HFV2899,NY,PAS,2021-02-26,06:13P,BUS LANE VIOLATION,50.0,0.0,MN
JCC9258,NY,PAS,2021-02-26,04:38P,BUS LANE VIOLATION,50.0,0.0,BK
JCP6805,NY,PAS,2021-02-26,08:44P,BUS LANE VIOLATION,100.0,0.0,MN
182XUE,CT,PAS,2021-02-26,08:55P,BUS LANE VIOLATION,50.0,0.0,MN
60736MG,NY,COM,2021-02-26,11:36A,BUS LANE VIOLATION,50.0,0.0,MN
JLT7942,NY,PAS,2021-02-26,12:04P,BUS LANE VIOLATION,50.0,0.0,BK
JHN5145,NY,PAS,2021-02-26,09:13P,BUS LANE VIOLATION,50.0,0.0,MN
HXD7133,NY,PAS,2021-02-27,09:37A,BUS LANE VIOLATION,50.0,0.0,MN
HGU4947,NY,PAS,2021-02-27,09:50A,BUS LANE VIOLATION,50.0,0.0,MN
T803875C,NY,OMT,2021-02-27,09:58A,BUS LANE VIOLATION,50.0,0.0,BX
JMK4882,NY,PAS,2021-02-27,12:18P,BUS LANE VIOLATION,50.0,0.0,BX
L89MDM,NJ,PAS,2021-02-27,01:54P,BUS LANE VIOLATION,50.0,0.0,MN
Y15KPF,NJ,PAS,2021-02-27,02:26P,BUS LANE VIOLATION,50.0,0.0,MN
HKT1741,NY,PAS,2021-02-27,02:49P,BUS LANE VIOLATION,50.0,0.0,MN
GHV5302,NY,PAS,2021-02-27,03:21P,BUS LANE VIOLATION,50.0,0.0,MN
CMG1979,NY,PAS,2021-02-27,03:35P,BUS LANE VIOLATION,50.0,0.0,BX
T660411C,NY,OMT,2021-02-27,07:03P,BUS LANE VIOLATION,100.0,0.0,MN
ALX5855,NY,PAS,2021-02-27,07:04P,BUS LANE VIOLATION,50.0,0.0,MN
JFR2515,NY,PAS,2021-02-27,07:21P,BUS LANE VIOLATION,50.0,0.0,MN
GST7309,NY,PAS,2021-02-27,08:01P,BUS LANE VIOLATION,50.0,0.0,MN
KGX4813,NY,PAS,2021-02-27,08:39P,BUS LANE VIOLATION,50.0,0.0,MN
KET6505,NY,PAS,2021-02-27,08:58P,BUS LANE VIOLATION,50.0,0.0,MN
T731991C,NY,OMT,2021-02-27,09:17P,BUS LANE VIOLATION,50.0,0.0,BX
JJT9119,NY,PAS,2021-02-27,09:18P,BUS LANE VIOLATION,100.0,0.0,MN
X15KRX,NJ,PAS,2021-02-28,07:40A,BUS LANE VIOLATION,50.0,0.0,MN
JFM6914,NY,PAS,2021-02-28,07:51A,BUS LANE VIOLATION,50.0,0.0,MN
JFM6914,NY,PAS,2021-02-28,08:03A,BUS LANE VIOLATION,50.0,0.0,MN
X15KRX,NJ,PAS,2021-02-28,08:08A,BUS LANE VIOLATION,50.0,0.0,MN
Y101559C,NY,OMT,2021-02-28,10:00A,BUS LANE VIOLATION,50.0,0.0,MN
T664040C,NY,OMT,2021-02-28,12:27P,BUS LANE VIOLATION,200.0,0.0,MN
M54FVS,NJ,PAS,2021-02-28,01:10P,BUS LANE VIOLATION,50.0,0.0,MN
K64ADU,NJ,PAS,2021-02-28,01:39P,BUS LANE VIOLATION,50.0,0.0,MN
HKW6917,NY,PAS,2021-02-28,02:53P,BUS LANE VIOLATION,50.0,0.0,MN
KGY8819,PA,PAS,2021-02-28,03:12P,BUS LANE VIOLATION,50.0,0.0,MN
KGY8819,PA,PAS,2021-02-28,03:22P,BUS LANE VIOLATION,50.0,0.0,MN
978WKL,CT,PAS,2021-02-28,03:52P,BUS LANE VIOLATION,50.0,0.0,MN
5G91K,NY,OMT,2021-02-28,04:12P,BUS LANE VIOLATION,50.0,0.0,MN
KJZ4704,NY,PAS,2021-02-28,04:38P,BUS LANE VIOLATION,250.0,0.0,MN
HZK6478,NY,PAS,2021-02-28,05:42P,BUS LANE VIOLATION,50.0,0.0,MN
KFP4443,NY,PAS,2021-03-01,06:55P,BUS LANE VIOLATION,50.0,0.0,BK
KKC3045,NY,PAS,2021-03-01,09:31P,BUS LANE VIOLATION,50.0,0.0,MN
KJW2003,NY,PAS,2021-03-02,09:19A,BUS LANE VIOLATION,50.0,0.0,MN
S29KJD,NJ,PAS,2021-02-28,06:07P,BUS LANE VIOLATION,0.0,0.0,QN
KGC9332,NY,PAS,2021-02-28,06:08P,BUS LANE VIOLATION,50.0,0.0,MN
W85MJH,NJ,PAS,2021-02-28,07:42P,BUS LANE VIOLATION,50.0,0.0,MN
KGR8887,NY,PAS,2021-02-28,08:15P,BUS LANE VIOLATION,150.0,0.0,MN
KEV7924,NY,PAS,2021-02-28,08:41P,BUS LANE VIOLATION,50.0,0.0,MN
T628940C,NY,OMT,2021-02-28,09:07P,BUS LANE VIOLATION,50.0,0.0,BX
T680526C,NY,OMT,2021-02-28,09:29P,BUS LANE VIOLATION,200.0,0.0,MN
4B14H,NY,OMT,2021-02-28,09:56P,BUS LANE VIOLATION,50.0,0.0,MN
KJJ2351,NY,PAS,2021-03-01,06:37A,BUS LANE VIOLATION,50.0,0.0,MN
L80EMK,NJ,PAS,2021-03-01,07:34A,BUS LANE VIOLATION,50.0,0.0,MN
HFV9634,NY,PAS,2021-03-01,08:17A,BUS LANE VIOLATION,50.0,0.0,BX
KEX4178,NY,PAS,2021-03-01,08:21A,BUS LANE VIOLATION,50.0,0.0,BX
KFT1637,NY,PAS,2021-03-01,08:28A,BUS LANE VIOLATION,50.0,0.0,BK
T18MXX,NJ,PAS,2021-03-01,10:06A,BUS LANE VIOLATION,50.0,0.0,MN
V20BXM,NJ,PAS,2021-03-01,10:18A,BUS LANE VIOLATION,50.0,0.0,MN
T701967C,NY,OMT,2021-03-01,11:15A,BUS LANE VIOLATION,50.0,0.0,BK
T687399C,NY,OMT,2021-03-01,11:46A,BUS LANE VIOLATION,100.0,0.0,MN
HNP3346,NY,PAS,2021-03-01,01:18P,BUS LANE VIOLATION,50.0,0.0,BX
97680ML,NY,COM,2021-03-01,01:31P,BUS LANE VIOLATION,250.0,0.0,MN
T715139C,NY,OMT,2021-03-01,01:54P,BUS LANE VIOLATION,50.0,0.0,MN
JBZ5917,NY,PAS,2021-03-01,02:34P,BUS LANE VIOLATION,50.0,0.0,MN
QHVK78,FL,PAS,2021-03-01,02:42P,BUS LANE VIOLATION,100.0,0.0,MN
T667992C,NY,OMT,2021-03-01,04:42P,BUS LANE VIOLATION,50.0,0.0,MN
T651725C,NY,OMT,2021-03-01,04:59P,BUS LANE VIOLATION,50.0,0.0,MN
T805840C,NY,OMT,2021-03-01,05:47P,BUS LANE VIOLATION,50.0,0.0,MN
JCZ6398,NY,PAS,2021-03-01,06:01P,BUS LANE VIOLATION,50.0,0.0,MN
KHT7306,NY,PAS,2021-03-05,12:34P,BUS LANE VIOLATION,50.0,0.0,BK
JSC9556,NY,PAS,2021-03-05,01:18P,BUS LANE VIOLATION,50.0,0.0,BX
JNX9826,NY,PAS,2021-03-05,01:43P,BUS LANE VIOLATION,50.0,0.0,BK
JGW2014,NY,PAS,2021-03-05,03:55P,BUS LANE VIOLATION,50.0,0.0,BX
KHA2144,NY,PAS,2021-03-05,03:55P,BUS LANE VIOLATION,50.0,0.0,MN
HDJ2154,NY,PAS,2021-03-05,04:35P,BUS LANE VIOLATION,50.0,0.0,MN
JEJ6265,NY,PAS,2021-03-06,06:58A,BUS LANE VIOLATION,50.0,0.0,MN
KHA7353,NY,PAS,2021-03-06,11:55A,BUS LANE VIOLATION,50.0,0.0,MN
JNA3356,NY,PAS,2021-03-06,12:05P,BUS LANE VIOLATION,50.0,0.0,MN
ERC9241,NY,PAS,2021-03-06,05:20P,BUS LANE VIOLATION,100.0,0.0,QN
21029JY,NY,COM,2021-03-02,09:41A,BUS LANE VIOLATION,50.0,0.0,MN
T732038C,NY,OMT,2021-03-02,09:50A,BUS LANE VIOLATION,100.0,0.0,BX
KGG3040,NY,PAS,2021-03-07,03:27P,BUS LANE VIOLATION,50.0,0.0,MN
T728225C,NY,OMT,2021-03-08,06:10A,BUS LANE VIOLATION,50.0,0.0,MN
89786ML,NY,COM,2021-03-02,10:27A,BUS LANE VIOLATION,0.0,0.0,MN
KJJ2365,NY,PAS,2021-03-02,11:39A,BUS LANE VIOLATION,50.0,0.0,MN
T719959C,NY,OMT,2021-03-02,11:40A,BUS LANE VIOLATION,50.0,0.0,BX
JKW7927,NY,PAS,2021-03-02,12:05P,BUS LANE VIOLATION,150.0,0.0,BX
JRV5226,NY,PAS,2021-03-02,12:50P,BUS LANE VIOLATION,50.0,0.0,MN
KHG7425,NY,PAS,2021-03-02,12:53P,BUS LANE VIOLATION,50.0,0.0,QN
V50LXH,NJ,PAS,2021-03-02,12:57P,BUS LANE VIOLATION,50.0,0.0,MN
HDH2607,NC,PAS,2021-03-02,01:57P,BUS LANE VIOLATION,50.0,0.0,MN
T731927C,NY,OMT,2021-03-02,02:08P,BUS LANE VIOLATION,50.0,0.0,BX
645ZVT,KY,PAS,2021-03-02,02:08P,BUS LANE VIOLATION,100.0,0.0,MN
KEM8009,NY,PAS,2021-03-02,02:21P,BUS LANE VIOLATION,150.0,0.0,BX
T673220C,NY,OMT,2021-03-02,02:38P,BUS LANE VIOLATION,50.0,0.0,BK
UJS7819,VA,PAS,2021-03-02,03:03P,BUS LANE VIOLATION,50.0,0.0,BX
S11LXG,NJ,PAS,2021-03-02,03:15P,BUS LANE VIOLATION,50.0,0.0,BX
RFH640,SC,PAS,2021-03-02,04:01P,BUS LANE VIOLATION,50.0,0.0,BX
C58KBN,NJ,PAS,2021-03-02,04:31P,BUS LANE VIOLATION,50.0,0.0,MN
WEE146,NE,PAS,2021-03-02,04:58P,BUS LANE VIOLATION,50.0,0.0,BX
KEN8974,NY,PAS,2021-03-02,05:07P,BUS LANE VIOLATION,50.0,0.0,BX
UJS7551,VA,PAS,2021-03-02,05:24P,BUS LANE VIOLATION,50.0,0.0,MN
UTJ2712,VA,PAS,2021-03-02,05:45P,BUS LANE VIOLATION,50.0,0.0,MN
74550AX,NY,COM,2021-03-02,01:30P,BUS LANE VIOLATION,150.0,0.0,MN
JAA3781,NY,PAS,2021-03-02,01:38P,BUS LANE VIOLATION,50.0,0.0,MN
HSZ3417,NY,PAS,2021-03-02,06:28P,BUS LANE VIOLATION,50.0,0.0,BK
D54KKU,NJ,PAS,2021-03-02,06:56P,BUS LANE VIOLATION,50.0,0.0,MN
HRF7205,NY,PAS,2021-03-02,06:57P,BUS LANE VIOLATION,50.0,0.0,BK
T666010C,NY,OMT,2021-03-02,08:18P,BUS LANE VIOLATION,150.0,0.0,BX
S31KUS,NJ,PAS,2021-03-02,09:53P,BUS LANE VIOLATION,50.0,0.0,MN
R78LXH,NJ,PAS,2021-03-03,06:04A,BUS LANE VIOLATION,100.0,0.0,MN
BPFJ36,FL,PAS,2021-03-03,07:46A,BUS LANE VIOLATION,50.0,0.0,BK
218RWH,KY,PAS,2021-03-03,08:07A,BUS LANE VIOLATION,50.0,0.0,BX
KJZ3859,NY,PAS,2021-03-03,09:01A,BUS LANE VIOLATION,50.0,0.0,MN
T685102C,NY,OMT,2021-03-03,09:22A,BUS LANE VIOLATION,150.0,0.0,MN
GYU8849,NY,PAS,2021-03-03,10:07A,BUS LANE VIOLATION,50.0,0.0,BX
CJX287,MN,PAS,2021-03-03,11:19A,BUS LANE VIOLATION,50.0,0.0,MN
LMJ3835,PA,PAS,2021-03-03,11:28A,BUS LANE VIOLATION,50.0,0.0,BX
BKZ2145,NY,PAS,2021-03-03,12:37P,BUS LANE VIOLATION,50.0,0.0,MN
42244ME,NY,COM,2021-03-03,12:39P,BUS LANE VIOLATION,50.0,0.0,MN
JFJ6242,NY,PAS,2021-03-03,12:42P,BUS LANE VIOLATION,50.0,0.0,BX
USK4943,VA,PAS,2021-03-03,01:22P,BUS LANE VIOLATION,50.0,0.0,BX
HXZ9848,NY,PAS,2021-03-03,01:59P,BUS LANE VIOLATION,50.0,0.0,MN
T669565C,NY,OMT,2021-03-03,02:35P,BUS LANE VIOLATION,50.0,0.0,QN
T662340C,NY,OMT,2021-03-03,03:03P,BUS LANE VIOLATION,250.0,0.0,MN
T686904C,NY,OMT,2021-03-03,03:32P,BUS LANE VIOLATION,50.0,0.0,BK
JKV1700,NY,PAS,2021-03-03,03:33P,BUS LANE VIOLATION,250.0,0.0,BK
KEP4397,NY,PAS,2021-03-03,03:41P,BUS LANE VIOLATION,50.0,0.0,BK
LMR9403,PA,PAS,2021-03-03,03:41P,BUS LANE VIOLATION,100.0,0.0,MN
JLDZ59,FL,PAS,2021-03-03,04:10P,BUS LANE VIOLATION,50.0,0.0,MN
JGR5775,NY,PAS,2021-03-03,04:13P,BUS LANE VIOLATION,50.0,0.0,MN
HYK4375,NY,PAS,2021-03-03,05:13P,BUS LANE VIOLATION,50.0,0.0,MN
JRX7376,NY,OMS,2021-03-03,09:45P,BUS LANE VIOLATION,50.0,0.0,MN
LZX8739,TX,PAS,2021-03-04,07:37A,BUS LANE VIOLATION,50.0,0.0,MN
HZR5099,NY,PAS,2021-03-04,07:39A,BUS LANE VIOLATION,50.0,0.0,BX
KEX4178,NY,PAS,2021-03-04,08:30A,BUS LANE VIOLATION,50.0,0.0,MN
KEX4178,NY,PAS,2021-03-04,08:35A,BUS LANE VIOLATION,50.0,0.0,MN
JHR7664,NY,PAS,2021-03-04,11:33A,BUS LANE VIOLATION,50.0,0.0,MN
BPHZ26,FL,PAS,2021-03-04,11:47A,BUS LANE VIOLATION,50.0,0.0,MN
HZY6419,NY,OMS,2021-03-04,11:49A,BUS LANE VIOLATION,50.0,0.0,BK
JLE3350,NY,PAS,2021-03-04,12:06P,BUS LANE VIOLATION,50.0,0.0,BX
RVA9695,GA,PAS,2021-03-04,12:32P,BUS LANE VIOLATION,50.0,0.0,BX
C83MUE,NJ,PAS,2021-03-04,12:45P,BUS LANE VIOLATION,50.0,0.0,MN
HHK2414,NY,PAS,2021-03-04,01:39P,BUS LANE VIOLATION,50.0,0.0,BX
ELM561,MN,PAS,2021-03-04,02:04P,BUS LANE VIOLATION,50.0,0.0,MN
LKTN40,FL,PAS,2021-03-04,03:13P,BUS LANE VIOLATION,50.0,0.0,MN
AN53342,CT,PAS,2021-03-04,04:44P,BUS LANE VIOLATION,50.0,0.0,BX
K76LXJ,NJ,PAS,2021-03-04,05:31P,BUS LANE VIOLATION,50.0,0.0,BK
T660067C,NY,OMT,2021-03-04,05:41P,BUS LANE VIOLATION,100.0,0.0,MN
KHU1966,NY,PAS,2021-03-04,06:36P,BUS LANE VIOLATION,50.0,0.0,BK
T806340C,NY,OMT,2021-03-04,04:48P,BUS LANE VIOLATION,50.0,0.0,MN
W715GX,NY,PAS,2021-03-04,07:19P,BUS LANE VIOLATION,50.0,0.0,BX
J73NKG,NJ,PAS,2021-03-04,08:25P,BUS LANE VIOLATION,50.0,0.0,MN
Z23KZZ,NJ,PAS,2021-03-04,08:54P,BUS LANE VIOLATION,50.0,0.0,MN
KKG1220,NY,PAS,2021-03-05,08:06A,BUS LANE VIOLATION,50.0,0.0,BK
KKC1876,NY,PAS,2021-03-04,07:34P,BUS LANE VIOLATION,50.0,0.0,MN
HMY3128,NY,PAS,2021-03-05,11:49A,BUS LANE VIOLATION,50.0,0.0,BK
KJR1173,NY,PAS,2021-03-05,11:55A,BUS LANE VIOLATION,50.0,0.0,QN
KGW1144,NY,PAS,2021-03-05,12:31P,BUS LANE VIOLATION,50.0,0.0,BK
IPPL95,FL,PAS,2021-01-01,02:00A,DOUBLE PARKING,0.0,81.0,
BOG9770,WA,PAS,2021-01-01,01:40P,VEHICLE FOR SALE(DEALERS ONLY),45.0,81.0,
HZN4238,NY,PAS,2021-01-21,10:31A,NO PARKING-STREET CLEANING,0.0,44.0,BX
HXY4263,NY,PAS,2021-01-21,10:33A,NO PARKING-STREET CLEANING,0.0,44.0,BX
12816P4,TX,PAS,2021-05-20,08:23A,NO PARKING-STREET CLEANING,65.0,25.0,NY
Y103058C,NY,OMT,2021-03-09,02:11P,BUS LANE VIOLATION,0.0,0.0,MN

